Desplacment,Force
0.00489913287016542,119.58965989204054
-0.0053013350350047065,-120.81127077836906
