Desplacment,Force
0.005653530325972586,459.30710576882166
-0.005636867139016142,-458.26417798394516
