Desplacment,Force
0.007028386220523139,511.5160647528855
-0.007111153661537215,-512.6256770116586
