Desplacment,Force
0.004522473566563459,398.44566762871074
-0.004567477392132722,-399.4591802704229
