Desplacment,Force
0.0028935419318980873,317.698567998202
-0.003928630831494302,-338.59592917128754
