Desplacment,Force
0.003952961688082217,355.78194857852515
-0.00396796025548649,-350.84672410793723
