Desplacment,Force
0.004974827166266907,413.6977327673862
-0.005046935987882862,-417.0342795495627
