Desplacment,Force
0.0031943423063543032,297.10228186483573
-0.0032297615317371203,-301.76115946264105
