Desplacment,Force
0.0009361114514028755,112.45234463698785
-0.0014692311586025813,-104.74209880647933
