Desplacment,Force
0.002623087496127064,154.92975451621245
-0.002516563516947396,-154.83829496931563
