Desplacment,Force
0.0031229371622363087,158.99847417079712
-0.0032652561760197867,-159.60048265128322
