Desplacment,Force
0.004041885822754419,117.03765929916966
-0.004123498800597242,-117.28905894483528
