Desplacment,Force
0.001991911143198604,145.5480846294725
-0.0020783038335367753,-145.71622069799227
