Desplacment,Force
0.004862382227399342,119.50722979799693
-0.004790536743067557,-119.29164719554504
