Desplacment,Force
0.0031426930737439174,114.30582185740371
-0.0030937142096700322,-114.15030753872999
