Desplacment,Force
0.006237267073642015,217.35231398569618
-0.0067055896015997835,-218.75646822925893
