Desplacment,Force
0.006235393228870816,217.3071309749314
-0.0062252078647422075,-217.30443223906474
