Desplacment,Force
0.007894365233720483,222.3567335308273
-0.007927260607783738,-222.45531247548226
