Desplacment,Force
0.0050775228292434995,213.55652940300368
-0.005096638577745856,-213.60303514883532
