Desplacment,Force
0.003795421384811749,386.1994833506982
-0.004468102403134132,-377.04832043847364
