Desplacment,Force
0.0034877139029276176,288.8335892013055
-0.0038686033584786382,-284.54530885138365
