Desplacment,Force
0.005853702651001467,363.6156111723287
-0.005640830042119789,-362.9012753577392
