Desplacment,Force
0.007069858891472547,376.1550198087025
-0.007351039445036318,-377.9144567792786
