Desplacment,Force
0.004555271935393664,338.15873708573446
-0.004734391935350226,-340.21205686634005
