Desplacment,Force
0.0026626409157462574,220.39141168235528
-0.004935546966816678,-227.45241359093976
