Desplacment,Force
0.004351792902358957,227.66722667175367
-0.004196765957846002,-227.13881405388622
