Desplacment,Force
0.005274853919511543,232.20454860157585
-0.00550955003191873,-233.05820188702972
