Desplacment,Force
0.003385744878032483,219.46949647695808
-0.003531094693579157,-219.53693245354515
