Desplacment,Force
0.0010432019914517962,112.42463459010506
-0.0013785805719271872,-131.1073086635717
