Desplacment,Force
0.002587495218140491,238.91539246771742
-0.0025188370826744683,-227.61363279186563
