Desplacment,Force
0.0030733890594550283,271.6278862483436
-0.0032482717806129194,-280.6484234608765
