Desplacment,Force
0.004202921838457538,296.2219734930043
-0.004254344545941885,-298.0078392472515
