Desplacment,Force
0.00197376490120289,187.3777834161312
-0.002065785426639714,-195.96299499796925
