Desplacment,Force
0.004853489414104318,310.8129497540758
-0.004825794555987796,-309.6603416825964
