Desplacment,Force
0.0031535791913293166,259.9956371441718
-0.0031325462647822286,-256.0266569740094
