Desplacment,Force
0.005093719126311214,409.0053660157119
-0.005584289254775225,-408.5541143746977
