Desplacment,Force
0.0063375893630732,432.0073336764456
-0.006239249946853622,-431.7316398388098
