Desplacment,Force
0.007717296057439238,455.7069042594162
-0.007864445988300446,-456.3127866760413
