Desplacment,Force
0.004986910360008473,394.13474759419836
-0.005080703705933414,-393.2723677441861
