Desplacment,Force
0.004364003417708734,352.04577125484803
-0.005699810286302075,-351.3589975286303
