Desplacment,Force
0.003483811683922599,289.23803122107563
-0.0038662037881313656,-284.94470361689844
