Desplacment,Force
0.0058541781718412424,363.4560811943676
-0.005641677968442765,-362.74118642218485
