Desplacment,Force
0.007070684630342221,375.96594811882943
-0.007351654981581276,-377.72056989673166
