Desplacment,Force
0.004555846431981096,338.05790131355946
-0.00473479090372339,-340.1000684261596
