Desplacment,Force
0.0026544645938001393,220.66447334548096
-0.004930123998888902,-227.76375585482597
