Desplacment,Force
0.004352219129739083,228.03238669765864
-0.004198009284815901,-227.50840127334556
