Desplacment,Force
0.005275400616197842,232.59281205846207
-0.005509796155663087,-233.44720557331124
