Desplacment,Force
0.003386215276261312,219.7824066334022
-0.0035312859028159994,-219.84687597771696
