Desplacment,Force
0.0010436916570296844,112.45153069333708
-0.0013788207338529094,-131.1604482659931
