Desplacment,Force
0.0025872749675019445,238.9971604457348
-0.0025185091803978793,-227.6804547743312
