Desplacment,Force
0.003073053313577033,271.79702250818167
-0.003248016765140279,-280.8348502146406
