Desplacment,Force
0.004203245804200514,296.7949051273003
-0.004254987961401392,-298.6119244337708
