Desplacment,Force
0.00197354064928289,187.39925890492074
-0.002065636053484398,-196.0055102431395
