Desplacment,Force
0.004853715615198783,311.52601160446005
-0.004825884225039113,-310.3533847191924
