Desplacment,Force
0.0031537919726370746,260.3461079874261
-0.003132643539365626,-256.3426108412553
