Desplacment,Force
0.005093548673862779,408.8957452121988
-0.005584860178009778,-408.46246542194064
