Desplacment,Force
0.006337775984527334,431.882162004701
-0.00623940314139733,-431.60406649420463
