Desplacment,Force
0.007717414221022843,455.540746937651
-0.00786470911134329,-456.1484319083338
