Desplacment,Force
0.004987026170654543,394.0491376578672
-0.005080888241354962,-393.1931251997421
