Desplacment,Force
0.004361336235978898,351.8505909377212
-0.005699218053626875,-351.19548876688145
