Desplacment,Force
0.0034850120887391436,288.7582152308391
-0.003867848388910938,-284.51255299433484
