Desplacment,Force
0.005854074689070668,363.6210192636742
-0.0056415386842113445,-362.9076092088141
