Desplacment,Force
0.007070305437228299,376.1579499157096
-0.007351393830566102,-377.9165607386841
