Desplacment,Force
0.004555634969519619,338.16998533068926
-0.004734645121222243,-340.2189648172963
