Desplacment,Force
0.0026546324747932187,220.6666248717877
-0.004929708376717416,-227.76165551074556
