Desplacment,Force
0.004352423963668644,228.0336142465963
-0.004198180954670182,-227.51004462505782
