Desplacment,Force
0.00527560597819765,232.59355701308405
-0.0055100299211650675,-233.44803864438563
