Desplacment,Force
0.0033863645155143176,219.78552829717887
-0.003531449687665677,-219.8490173026994
