Desplacment,Force
0.001043027347905014,112.42773386663619
-0.0013787070644765758,-131.09648411342332
