Desplacment,Force
0.0025876989643112244,238.85948939757645
-0.0025189650249324543,-227.55981374223836
