Desplacment,Force
0.0030735149878932913,271.5042975617528
-0.003248469719685531,-280.5196523452324
