Desplacment,Force
0.004203398489952822,296.23504482947806
-0.004254970843033496,-298.0221007971453
