Desplacment,Force
0.001973851013852727,187.35743595518414
-0.00206593832339032,-195.93688135971766
