Desplacment,Force
0.0048540134562573495,310.82058835648394
-0.004826317214098725,-309.66910913238047
