Desplacment,Force
0.003153941298599224,260.0119598908843
-0.0031328864662425685,-256.0441090721905
