Desplacment,Force
0.005091016795113282,409.32798601326016
-0.005582635721590104,-408.9048653056425
