Desplacment,Force
0.00633816516162173,432.53002236133307
-0.006239758699421041,-432.2565426896133
