Desplacment,Force
0.007717536494706588,456.36851104999135
-0.007864932989208344,-456.9757114473215
