Desplacment,Force
0.004987125259406484,394.49273049066414
-0.005081045407365829,-393.625546819678
