Desplacment,Force
0.004360291939243596,351.98301591922285
-0.00569747563085093,-351.30566918118313
