Story,Drift
1,1.2067833856361503
2,1.9119869839091137
3,1.742286153288128
4,1.29805339798837
5,0.7232228276578888
