Story,Max Ductility
1,3.8629780666101046
2,4.238118202670842
3,8.4446476611412
4,3.349454270674961
5,1.4122793103298767
