Desplacment,Force
0.0033757241470517233,337.46693419383
-0.0036579180828526254,-333.2303502647695
