Desplacment,Force
0.005909882510395754,364.6243815483787
-0.005685619810795022,-364.08520626248446
