Desplacment,Force
0.0071210036617088985,376.8622848923364
-0.0074209118545989165,-378.61261444235635
