Desplacment,Force
0.004589366423427667,340.0658729404625
-0.004780353774340408,-341.6138879193647
