Desplacment,Force
0.0026314327586963904,219.07228577172185
-0.0049142384847481735,-227.61395804456708
