Desplacment,Force
0.0044204223739703515,228.44416705588975
-0.004243321447708801,-227.91739493964647
