Desplacment,Force
0.005321088638604801,232.78425437303622
-0.005580738551501494,-233.69688295120903
