Desplacment,Force
0.003416854133103509,220.55869235860172
-0.0035788668744602754,-220.45848594255622
