Desplacment,Force
0.0010391229185297063,113.12347444769138
-0.0013963326496140966,-132.66410267355238
