Desplacment,Force
0.00262294193034744,240.68954276775725
-0.0025264040044113006,-229.24503770429408
