Desplacment,Force
0.0030832410127001383,274.5070375926909
-0.003292439983043143,-282.31333466850873
