Desplacment,Force
0.004206771927426126,379.0061177046192
-0.0042412068250775505,-386.9953733650787
