Desplacment,Force
0.0019800231201784323,188.8580050895229
-0.0020948081951702013,-198.25362644191745
