Desplacment,Force
0.004818353531559637,425.99707640642083
-0.004806242416586024,-417.9329005618804
