Desplacment,Force
0.00313368288173,301.37413752684233
-0.0031232533181483413,-295.6127734755066
