Desplacment,Force
0.005113509781041529,408.2602870001695
-0.005605519893441119,-408.42036644439634
