Desplacment,Force
0.006342904465843681,431.7136166473188
-0.006230053261999589,-431.0559537172593
