Desplacment,Force
0.007702326885713066,454.95144628814313
-0.007867757174077521,-455.777710072453
