Desplacment,Force
0.004979208502873724,393.39066254773377
-0.005084911248538827,-393.1502888797366
