Desplacment,Force
0.004336093176811491,351.0975530169324
-0.005714386919731874,-351.7628781573114
