Desplacment,Force
0.0037520063954957165,354.0317318033116
-0.003915484819087236,-338.6805771035029
