Desplacment,Force
0.00579056837390108,353.3054747027192
-0.005552020838972362,-352.29075672492087
