Desplacment,Force
0.0070384740611911245,364.8408152973549
-0.007312315901170336,-366.3648914100268
