Desplacment,Force
0.004521438425788164,330.2986064773018
-0.0047015809952961314,-332.3143117875413
