Desplacment,Force
0.0039452599536079535,177.43056403384304
-0.006182292105055147,-184.08206455063012
