Desplacment,Force
0.004218217787191739,178.05593021158896
-0.003993096522799563,-177.20203591145372
