Desplacment,Force
0.005175272992427032,181.16952453795446
-0.005432352049204685,-181.95315321503
