Desplacment,Force
0.0033003907332782097,173.9793036155987
-0.003468879168108447,-174.77837151937587
