Desplacment,Force
0.001096353269605409,120.10587683127923
-0.0014090663652944894,-132.94576464903784
