Desplacment,Force
0.002595146042691612,234.08649989862033
-0.0025060341702155503,-224.32347106966859
