Desplacment,Force
0.003075594191774192,265.9517528458425
-0.003264426706577747,-273.17504699964775
