Desplacment,Force
0.0040962936838386185,352.80339431286893
-0.004149941693978841,-360.682172224322
