Desplacment,Force
0.001963672576126237,185.96991719236422
-0.002070259225144794,-194.5325521932258
