Desplacment,Force
0.004730403034164594,392.57942281869873
-0.004694451071496868,-385.361408510713
