Desplacment,Force
0.00307505107164267,288.74570205151355
-0.003049641467583369,-281.51027214118966
