Desplacment,Force
0.005799469964203143,314.0003568026252
-0.0061347391503345635,-314.34656755568284
