Desplacment,Force
0.006185769619950297,315.72723612512095
-0.006102523551467918,-315.40235968178837
