Desplacment,Force
0.007649096280218036,322.4490827617687
-0.0077551662104249144,-322.77522621708624
