Desplacment,Force
0.00493074088108426,304.62668927669415
-0.005001796926531881,-304.7541837135859
