Desplacment,Force
0.005004080764817096,350.6941959294808
-0.006115994665369803,-349.01558445432835
