Desplacment,Force
0.0039950443852960725,367.72970231216783
-0.004226203011883833,-353.21741173502676
