Desplacment,Force
0.00549322033768395,181.9302279611529
-0.005261497950873719,-181.27770179203944
