Desplacment,Force
0.006937855354412126,186.33014326589074
-0.007171802073471442,-187.03223149387998
