Desplacment,Force
0.004425135575404066,178.62315175059538
-0.004583522179251812,-179.13639628427666
