Desplacment,Force
0.005497746028750515,182.1071772974554
-0.008111031796666779,-190.00351988996127
