Desplacment,Force
0.00402984182557965,177.44596852569268
-0.003919061055052343,-176.76708957884762
