Desplacment,Force
0.0051983378992343215,181.24002900642992
-0.005405310754011178,-181.87230253077408
