Desplacment,Force
0.0032844480136866444,173.68757426311157
-0.0034191436567728205,-174.56997384142858
