Desplacment,Force
0.0013545688984202525,140.9628121101339
-0.0015767364382402406,-148.37154643903486
