Desplacment,Force
0.0025166391769234843,228.69409405508844
-0.0024201042291027326,-215.89707709313518
