Desplacment,Force
0.0029594474438895515,259.20129213336486
-0.0031800970641259556,-268.79694413167783
