Desplacment,Force
0.0039005032345324625,341.71278184243477
-0.003995315370363231,-352.3184887405737
