Desplacment,Force
0.0018941515252020081,177.926044674857
-0.002002134330475873,-189.05742105252475
