Desplacment,Force
0.004572158255527524,385.5458529684489
-0.004489092950578201,-375.37886840901996
