Desplacment,Force
0.0029689382398050126,281.16717880153385
-0.0029125778671964986,-271.2582253091305
