Desplacment,Force
0.006340682364162871,315.5619958750727
-0.006561373208790964,-315.61623387395565
