Desplacment,Force
0.0059827505405664035,313.24148289728265
-0.005941011514984402,-313.2772280116495
