Desplacment,Force
0.007506220040995792,320.6585006837212
-0.007547504829322123,-320.7472309024859
