Desplacment,Force
0.0048290622072613264,302.3297793473551
-0.0048601161527748,-301.82873329194695
