Desplacment,Force
0.00709413600579427,186.7829199097818
-0.008761663646519403,-191.80187157548087
