Desplacment,Force
0.003485319559423913,288.7686346082454
-0.003867706049514026,-284.5106686865477
