Desplacment,Force
0.005853935274586964,363.34124800754716
-0.005641188853390779,-362.6274435118707
