Desplacment,Force
0.00707019526626143,375.83289459105674
-0.007351351157119884,-377.5864767882045
