Desplacment,Force
0.004555525239359651,337.97756201247324
-0.004734603584997039,-340.012631351009
