Desplacment,Force
0.002656364678051498,220.68184569642114
-0.004930873932329426,-227.7694873647161
