Desplacment,Force
0.0043523733615778125,228.03330076435574
-0.004197976336815015,-227.5098487103483
