Desplacment,Force
0.005275597267636343,232.59349561540822
-0.005510062117453656,-233.44815443744
