Desplacment,Force
0.003386316784213438,219.7853445689929
-0.003531451878075988,-219.84903042136995
