Desplacment,Force
0.0010433395858006293,112.43821965928068
-0.001378685306973732,-131.1162411039833
