Desplacment,Force
0.002587491972097798,238.90762998009458
-0.0025187516007404826,-227.60469961392187
