Desplacment,Force
0.003073290107670913,271.61731966467534
-0.003248232222489014,-280.6390372861512
