Desplacment,Force
0.004203247170279553,296.23078121051884
-0.0042548020424826,-298.0176583914211
