Desplacment,Force
0.001973700072021265,187.36955663280068
-0.002065775097234197,-195.96081997019283
