Desplacment,Force
0.004853830014879705,310.8176428826176
-0.004826126586497823,-309.6657951261801
