Desplacment,Force
0.0031538195296134954,260.00613631116084
-0.0031327643010087528,-256.037825824879
