Desplacment,Force
0.005091590040534026,409.3465558715092
-0.005582844858634565,-408.9137778914638
