Desplacment,Force
0.006337996307211324,432.5263442803908
-0.006239576739205327,-432.2533840905523
