Desplacment,Force
0.00771735632771759,456.36668570086516
-0.00786472315892087,-456.9736194402419
