Desplacment,Force
0.004987000717600999,394.4888106473673
-0.005080910718618624,-393.6205339537416
