Desplacment,Force
0.004362829942828282,351.7767576164549
-0.005700427610698296,-351.1238300695834
