Desplacment,Force
0.004865503592289476,314.11816133813227
-0.004927073376585345,-305.3042168430465
