Desplacment,Force
0.0053697754280288505,181.50681418149864
-0.005166424012435347,-180.88931233352247
