Desplacment,Force
0.006889239488829526,186.08499787627315
-0.007049086299379421,-186.56472394009586
