Desplacment,Force
0.004379606259742357,178.3741078966825
-0.004495616904306393,-178.75226259762013
