Desplacment,Force
0.006603752370012808,185.4357281584685
-0.008648129469068,-191.61916852343813
