Desplacment,Force
0.0037967711034929117,176.57637891872244
-0.00380314324212066,-176.15359023546097
