Desplacment,Force
0.005064079417789803,180.79356809115598
-0.005206262912062173,-181.26526183624705
