Desplacment,Force
0.0031806465262717415,172.94365299871356
-0.0032776784322730173,-173.73521789941768
