Desplacment,Force
0.0014557625464637755,147.14087134941732
-0.0016375114364405516,-155.31226745734733
