Desplacment,Force
0.002474562924766563,228.67106840089227
-0.002342307439029085,-217.17437399635062
