Desplacment,Force
0.0029429674474421557,263.5902315847767
-0.0031343359140728676,-272.5200885184149
