Desplacment,Force
0.0037964523229394487,285.47465106943895
-0.0038431635367323857,-288.52175063687264
