Desplacment,Force
0.004490800933225055,305.70530447036776
-0.004408697879228054,-302.46984998506133
