Desplacment,Force
0.002905692860012312,249.05657383215038
-0.0028551895101234415,-242.38826178809626
