Desplacment,Force
0.007156769232519985,223.84586379419827
-0.007224041073418009,-224.0462656824331
