Desplacment,Force
0.005870666128622467,219.90615512121235
-0.005862444564022774,-219.8921689332971
