Desplacment,Force
0.00752464180672108,224.96714736436232
-0.007491001909585531,-224.8649267462499
