Desplacment,Force
0.004825086165027557,216.28406679940946
-0.004812495638783614,-216.16750992890468
