Desplacment,Force
0.007677475563169123,188.45047395424774
-0.008832691508859873,-191.9157807486311
