Desplacment,Force
0.003375738097300411,337.46813292939396
-0.003657927282057418,-333.2311246293819
