Desplacment,Force
0.0059098775389492255,364.6243175235113
-0.005685618744147592,-364.0850844384059
