Desplacment,Force
0.0071210035613766525,376.8622179583786
-0.007420906408583959,-378.6125835062505
