Desplacment,Force
0.004589365861902796,340.0656480696556
-0.004780349811329357,-341.61378740620245
