Desplacment,Force
0.0026314369204880356,219.07250921174594
-0.004914238830588114,-227.6139663701813
