Desplacment,Force
0.004420407592235683,228.4440815860714
-0.004243310350775728,-227.91729707069103
