Desplacment,Force
0.005321075567577347,232.78420526937802
-0.005580721195939105,-233.69682243080393
