Desplacment,Force
0.003416845297491703,220.55850639692875
-0.0035788554140393043,-220.45834534606644
