Desplacment,Force
0.0010391230356652545,113.12360883980001
-0.001396334211635386,-132.66425787660714
