Desplacment,Force
0.002622935797539975,240.68905167290163
-0.0025264001194074573,-229.24461185633388
