Desplacment,Force
0.0030832363571168743,274.50645556795763
-0.0032924331741350657,-282.31290436078643
