Desplacment,Force
0.004206766716682416,379.0057603214548
-0.004241203950674615,-386.9951714764061
