Desplacment,Force
0.0019800201148176496,188.85771662575965
-0.002094803634762916,-198.25327116825056
