Desplacment,Force
0.004818350209928879,425.9968705779293
-0.004806236285572241,-417.93253757946087
