Desplacment,Force
0.003133680835874821,301.3739634958993
-0.003123249456176695,-295.61245430545415
