Desplacment,Force
0.00511355677722045,408.25081814964904
-0.005605565426301987,-408.4106768175693
