Desplacment,Force
0.006342896263915427,431.69959147914744
-0.0062300484454615125,-431.0419272129325
