Desplacment,Force
0.007702328269017197,454.933655216945
-0.007867753681177599,-455.75985369247013
