Desplacment,Force
0.004979208635509345,393.38118891640886
-0.00508490831213628,-393.14093082459334
