Desplacment,Force
0.004336091654681059,351.0975537298995
-0.0057143749943662425,-351.76265718032226
