Desplacment,Force
0.003787764007041311,296.29634184812227
-0.004014506101614407,-288.907465928442
