Desplacment,Force
0.005802718553675753,362.8519112602968
-0.005540279335224276,-362.176319382446
