Desplacment,Force
0.006999953836939523,375.715770494923
-0.00731171373905969,-377.50532061447757
