Desplacment,Force
0.004502106428187313,337.22130069189075
-0.004705608503101137,-339.4201012845208
