Desplacment,Force
0.0037496866046278017,177.69687479805447
-0.006032135865629257,-184.46499612550272
