Desplacment,Force
0.004288587146691955,179.19018680103977
-0.004050548129203563,-178.30510491751735
