Desplacment,Force
0.005227543769451873,182.2078614853933
-0.005504133121627537,-183.03568694429424
