Desplacment,Force
0.0033381963386959184,175.20895620045104
-0.003518155330075818,-175.86129437620497
