Desplacment,Force
0.001021939472482319,111.09019414947082
-0.0013642967833114741,-128.90159427645
