Desplacment,Force
0.002613744536562281,237.654922451404
-0.0025476793365030183,-226.17544507828393
