Desplacment,Force
0.0031055558941634085,267.19185001500273
-0.00328290621503284,-276.1729993777534
