Desplacment,Force
0.0041454555103408,295.34681719614514
-0.004177474768519451,-296.9851058803803
