Desplacment,Force
0.0019944985430305905,187.2445328519335
-0.0020842225933103147,-195.67924735675092
