Desplacment,Force
0.004792686174935474,310.6831408132168
-0.004770553115411894,-309.4444009512067
