Desplacment,Force
0.0031105335733354234,258.5533982873326
-0.003095086026812522,-254.52105065563194
