Desplacment,Force
0.005218800606544731,411.7412588653965
-0.005638762508483288,-409.58676916869763
