Desplacment,Force
0.006289047089622866,430.4852033721932
-0.006191620624170596,-430.3148775563015
