Desplacment,Force
0.007675194917234509,454.6283088723611
-0.007809726958952066,-455.1373597420146
