Desplacment,Force
0.004955115484523594,392.7162835229217
-0.005043418325075848,-391.5103360272743
