Desplacment,Force
0.00489280112969572,359.0806169667794
-0.0060763903762177844,-357.44084469442663
