Story,Max Ductility
1,3.1864873831587843
2,3.0938997253578715
3,3.6172285502804504
4,5.641115190981775
5,1.5772553184456994
