Desplacment,Force
0.0037401117017889698,322.05524838483535
-0.004115499532889598,-318.5689135458231
