Desplacment,Force
0.005816241007502041,480.08055072893717
-0.005624101095303038,-470.36871859956887
