Desplacment,Force
0.007008646134851623,534.7377340319987
-0.007301674889224355,-538.949634912327
