Desplacment,Force
0.00451857824220258,405.3259408464451
-0.004701043645736903,-415.5071530987729
