Desplacment,Force
0.003540667045695393,157.61896397313217
-0.006150098990779591,-165.30910118940497
