Desplacment,Force
0.0042853996425337056,159.8344423481242
-0.0040882969074947486,-159.19034974334656
