Desplacment,Force
0.005225736411084232,162.7087018992043
-0.005509112241597376,-163.56172729521344
