Desplacment,Force
0.0033474619570684496,156.46341569282887
-0.0035242908527911153,-157.2003937028932
