Desplacment,Force
0.0007803863467288991,102.3598468408684
-0.001387791735895748,-105.11392734085673
