Desplacment,Force
0.0027813923810476133,157.8879777723004
-0.0027184603687391905,-156.94190493098077
