Desplacment,Force
0.003279981834942782,160.58655393223535
-0.003465654531565613,-161.43392758697107
