Desplacment,Force
0.004143729852332454,325.1430676319685
-0.004199412508604292,-329.7449392600294
