Desplacment,Force
0.002110564376357518,149.11427527485674
-0.0022053988948110667,-150.73245646101128
