Desplacment,Force
0.004808042730384393,350.7192920323499
-0.004773277705932482,-347.4978192499997
