Desplacment,Force
0.003122517790015639,276.6182483345297
-0.003096804700889847,-270.3208596143438
