Desplacment,Force
0.00509536235469271,385.59547969890633
-0.005681690421518432,-386.56120079219113
