Desplacment,Force
0.0062932632930630845,403.2128725408508
-0.00621287530355169,-402.862886493753
