Desplacment,Force
0.007697910982237606,420.30670155653087
-0.007832726334065244,-420.90721901567343
