Desplacment,Force
0.004970961049386038,373.63858704127534
-0.00505552239176147,-373.1430032703558
