Desplacment,Force
0.004155321297606704,424.20924767659096
-0.005132236153977585,-427.97022698417356
