Desplacment,Force
0.004365457614438824,187.6447390249679
-0.004764820496575904,-188.81073188270574
