Desplacment,Force
0.005696743747676729,320.9221279749072
-0.005630582744404441,-320.04364952508746
