Desplacment,Force
0.007067576797531616,329.55056612884283
-0.007180447658578588,-330.05274889383395
