Desplacment,Force
0.004543935739118494,304.86003378623525
-0.004611824653579461,-306.0039346793539
