Desplacment,Force
0.002799698437422911,315.0457541079828
-0.003956627676444135,-332.8609184329492
