Desplacment,Force
0.003996801797731419,352.1160240264955
-0.004013052017509229,-346.98050020609804
