Desplacment,Force
0.00503247726210566,404.7651958382937
-0.005106687952606551,-407.84788963564597
