Desplacment,Force
0.003228410449941274,296.2894037446093
-0.0032651334149429675,-300.93746354773816
