Desplacment,Force
0.0009792491643819243,120.82529715427428
-0.001709418092195286,-119.171781782619
