Desplacment,Force
0.002564427019157243,154.32348690140523
-0.002459404561680894,-153.95157163377186
