Desplacment,Force
0.0030545666176086633,158.58562320976608
-0.003199617366707819,-159.2800332937499
