Desplacment,Force
0.004004076955297497,186.05802865035633
-0.004124944464744351,-186.56745610924068
