Desplacment,Force
0.0019465578672644658,143.93400537583653
-0.0020342489887660137,-144.73303644586804
