Desplacment,Force
0.004790831041330673,189.01759832955813
-0.004688568425720523,-188.66738148356205
