Desplacment,Force
0.0031052668793137114,180.01174391705175
-0.003035067564805407,-179.06615720435622
