Desplacment,Force
0.006308907571673761,216.71010288516294
-0.006790202143215278,-218.14689113515843
