Desplacment,Force
0.00615846498122518,216.21701992721987
-0.006150898453849146,-216.21285479444032
