Desplacment,Force
0.007801486723350443,221.21160505806307
-0.007827385025400084,-221.28911563502317
