Desplacment,Force
0.005020274196339594,212.5074272026122
-0.005035765509891246,-212.5373424832882
