Desplacment,Force
0.004165829614837532,309.5423197465638
-0.005101025343188631,-306.6582032689119
