Desplacment,Force
0.0034867368931883144,288.8104046592758
-0.003868940747471111,-284.54871432801053
