Desplacment,Force
0.005853709481007301,363.61591967632165
-0.005641425580215431,-362.8983939224948
