Desplacment,Force
0.007070324444145174,376.15766901849554
-0.007351015114100129,-377.91431227987215
