Desplacment,Force
0.0045555989075294736,338.15332979592324
-0.004734364583098745,-340.21162314369957
