Desplacment,Force
0.00265665161468063,220.68501971783388
-0.004929613085286778,-227.76095976774934
