Desplacment,Force
0.0043512475090377875,228.02645867285327
-0.004197189464115482,-227.5022234212296
