Desplacment,Force
0.005274628353758567,232.5894808787438
-0.0055087687618642365,-233.44355941892934
