Desplacment,Force
0.0033856886506051687,219.77075365502316
-0.0035306080332587215,-219.83799858658122
