Desplacment,Force
0.0010433648530685298,112.43023982573438
-0.0013786818509355138,-131.1335444485325
