Desplacment,Force
0.002587046968828618,238.93246501857342
-0.002518454352499695,-227.63128387972026
