Desplacment,Force
0.0030729589106025424,271.7007595920471
-0.003247733366134069,-280.72253348677003
