Desplacment,Force
0.004202992755037972,296.22455235817125
-0.004254678113416173,-298.01458260796807
