Desplacment,Force
0.001973484370020717,187.37428634508328
-0.0020654475318193236,-195.9646660038529
