Desplacment,Force
0.0048537537635875766,310.8163138122554
-0.004825864758334997,-309.6616677423063
