Desplacment,Force
0.0031537713717857334,260.0034266058093
-0.0031325987616382884,-256.0301721569446
