Desplacment,Force
0.0050949830767527664,408.6199685290009
-0.005586136936916375,-408.1769781155189
