Desplacment,Force
0.00633760314598908,431.47114425829324
-0.006239416457424653,-431.19277876018526
