Desplacment,Force
0.00771771236757155,455.0185434693893
-0.007864728835290671,-455.62398165290375
