Desplacment,Force
0.0049871743835922374,393.7743264387875
-0.00508086315873572,-392.9202429701136
