Desplacment,Force
0.004360720075674676,351.99200895458375
-0.005696913404181751,-351.29488310908306
