Desplacment,Force
0.004562015272403155,118.07766227316284
-0.005023077504480423,-119.46504822754584
