Desplacment,Force
0.005683072892547745,321.73039178692824
-0.0055900865610635465,-320.50807857329295
