Desplacment,Force
0.007002914103010192,330.2084328979821
-0.007155069834900397,-330.84078394748053
