Desplacment,Force
0.004507240121747177,304.82238135657053
-0.0045994902406221875,-306.34109567995444
