Desplacment,Force
0.0027403376984127064,314.52828564294117
-0.004097242926019472,-340.3873612484912
