Desplacment,Force
0.004064453756190191,356.35960384883816
-0.004067426461864364,-350.20852327972955
