Desplacment,Force
0.005100088748245871,407.7781451081134
-0.005199045114120467,-411.67471112728083
