Desplacment,Force
0.003274872924951941,299.7662013936055
-0.003326151773002776,-305.3134762590925
