Desplacment,Force
0.0007217834785582353,101.95901689459627
-0.0015499651404460885,-92.5339857261851
