Desplacment,Force
0.002642632389026853,132.57930585000145
-0.0025483127537542965,-132.0454916110179
