Desplacment,Force
0.003107383915234846,134.6455514071078
-0.0032705341258537236,-135.19255358961908
