Desplacment,Force
0.004033553536706685,116.4947732114926
-0.004116378699089278,-116.74360198071918
