Desplacment,Force
0.0019842054637418003,127.54755182797413
-0.002082907470913817,-127.84503754918485
