Desplacment,Force
0.004831409188506583,118.89010467492761
-0.004762333207944273,-118.6828355034062
