Desplacment,Force
0.0031241983649850074,113.7267998667833
-0.003076287162134927,-113.5589471726656
