Desplacment,Force
0.005539131228910449,340.5085864915686
-0.006079597044148987,-341.42260047037263
