Desplacment,Force
0.006267781239885914,345.0345706977795
-0.006254548181365095,-345.1737827460201
