Desplacment,Force
0.007816769476274733,354.1604376042779
-0.00787629635978198,-354.2946522376883
