Desplacment,Force
0.005040085152448411,330.3381882916859
-0.00507434769655559,-329.74224618647526
