Desplacment,Force
0.004127623082500541,310.17580627097226
-0.005226234125286233,-308.9782170910801
