Desplacment,Force
0.0045621564575074585,118.07820635857189
-0.0050232527853292875,-119.46557420572185
