Desplacment,Force
0.0056833212704678416,322.1608323124944
-0.0055904577585781275,-320.9310670504095
