Desplacment,Force
0.007002982238410198,330.68228538203505
-0.007155187829721656,-331.31763995026637
