Desplacment,Force
0.004507330427621348,305.1589319142571
-0.004599589992306049,-306.6840295174922
