Desplacment,Force
0.002739484410479803,314.4480393343379
-0.004096242574184109,-340.3342237839588
