Desplacment,Force
0.004064547178036926,356.3654336226057
-0.004067448695377888,-350.212573454672
