Desplacment,Force
0.005100001914221998,407.7764375995337
-0.005199065907465712,-411.6766748015761
