Desplacment,Force
0.003274848993488747,299.76573690169323
-0.003326189971190925,-305.31503871574586
