Desplacment,Force
0.0007209615436013082,101.92708239399822
-0.0015495414375283883,-92.49580485632661
