Desplacment,Force
0.002642872074091564,132.58055662326518
-0.0025485028395843615,-132.04727030818006
