Desplacment,Force
0.003107720357437409,134.64675927288823
-0.003270822555975606,-135.19353373067136
