Desplacment,Force
0.004033902988033199,116.49582363802115
-0.004116628527801334,-116.74435261334274
