Desplacment,Force
0.0019844486612398096,127.55094361933743
-0.0020831071179693555,-127.84739052737747
