Desplacment,Force
0.004831710466994235,118.8910086361365
-0.0047627326193931665,-118.68403396635092
