Desplacment,Force
0.0031243926126812527,113.72740705263736
-0.003076542826669435,-113.55981125444707
