Desplacment,Force
0.005538027744032276,340.59684087995015
-0.006078806639413925,-341.5126377944269
