Desplacment,Force
0.006268182711624221,345.14093737605964
-0.006254897676813867,-345.27963556801467
