Desplacment,Force
0.007817073184264747,354.27485985744966
-0.007876718185517424,-354.4067059316194
