Desplacment,Force
0.005040294851134482,330.4263444578987
-0.005074626449984168,-329.8288551220581
