Desplacment,Force
0.004124740674192258,310.51225185495036
-0.0052223183255968334,-309.29017368741404
