Desplacment,Force
0.004565336690719561,118.08935897038933
-0.00500872223908611,-119.42197867410884
