Desplacment,Force
0.005683900026036273,322.1648374216448
-0.005591103584875726,-320.9531461891609
