Desplacment,Force
0.007009402065432891,330.7122089009106
-0.007161152106115672,-331.3402460499295
