Desplacment,Force
0.004510784295324045,305.23724855378475
-0.004602761793318673,-306.7361359238348
