Desplacment,Force
0.0027307653571170326,313.72167057013013
-0.004084661579633966,-339.64182071268175
