Desplacment,Force
0.004061701007022997,356.10740338553535
-0.004068333380195798,-350.2378406595708
