Desplacment,Force
0.005101878276420661,407.852635069507
-0.005196925643312244,-411.5014507487669
