Desplacment,Force
0.00327549035609319,299.80051308626906
-0.0033240456027627437,-305.13102940742573
