Desplacment,Force
0.0007619832610990127,105.54502886967326
-0.0014673020072470577,-99.87639252695244
