Desplacment,Force
0.00260704378554561,154.88150161562777
-0.0025109397843324456,-154.55453665881686
