Desplacment,Force
0.003082015340718029,158.79121257708317
-0.0032402248352446056,-159.51202794582437
