Desplacment,Force
0.00404880127771852,116.5405902805155
-0.0041220817951561775,-116.76074013207841
