Desplacment,Force
0.001967059206535346,144.82780052206408
-0.0020616827660918003,-145.54082745346764
