Desplacment,Force
0.00483830966369135,118.91080865899632
-0.004777125611154717,-118.71139657188957
