Desplacment,Force
0.0031285398116343527,113.74044788735925
-0.0030859696372120857,-113.59175424507661
