Desplacment,Force
0.00556261218477322,340.1776667046957
-0.00610439501981367,-341.1024303298136
