Desplacment,Force
0.0062742094776549896,344.59910549128836
-0.006258247799652628,-344.71074610835416
