Desplacment,Force
0.007823142246464413,353.62304652447074
-0.007885862465374602,-353.7512726670417
