Desplacment,Force
0.0050439342515581406,330.0055782056756
-0.005080282353799094,-329.3987306485227
