Desplacment,Force
0.004172487663311329,311.06539936179007
-0.005243019852972165,-309.7899060090849
