Desplacment,Force
0.003486701992818415,288.4509789583074
-0.0038694088678844687,-284.2265050548685
