Desplacment,Force
0.005853797308854004,363.61710307393406
-0.005641252547933542,-362.90293352492256
