Desplacment,Force
0.007070022700784737,376.15604906483
-0.007351050598537204,-377.91448571497205
