Desplacment,Force
0.0045554373485793605,338.16121108314786
-0.004734417532800475,-340.2128432916628
