Desplacment,Force
0.0026562870406224943,220.68191981353414
-0.004929823430565834,-227.76272765032962
