Desplacment,Force
0.004352037548250405,228.03125485998783
-0.004197788509975527,-227.507777633001
