Desplacment,Force
0.005275322947778574,232.5923111869567
-0.005509659681842869,-233.44672750841738
