Desplacment,Force
0.003386155594672688,219.78132493645785
-0.0035311991127790227,-219.84574094935883
