Desplacment,Force
0.0010429491988443469,112.41494888067403
-0.001378565386255951,-131.08418108802394
