Desplacment,Force
0.0025875712354737042,238.8493316135942
-0.0025189057110980486,-227.55582353978966
