Desplacment,Force
0.003073439851264924,271.500264523112
-0.003248305749751648,-280.5107200445156
