Desplacment,Force
0.0042032795431871635,295.84061447203385
-0.004254777839320359,-297.6082054636805
