Desplacment,Force
0.001973802904438994,187.35277797323096
-0.0020658278221794978,-195.92833068370626
