Desplacment,Force
0.004854049837307461,310.3288717123381
-0.004826360164884807,-309.19042818195146
