Desplacment,Force
0.003153932363956283,259.77404134217903
-0.0031328907907581006,-255.82852547801428
