Desplacment,Force
0.005091244137396048,409.3372888212157
-0.005582679635985176,-408.90797992623675
