Desplacment,Force
0.006338144259110738,432.5293888534664
-0.00623979580018939,-432.2572194502974
