Desplacment,Force
0.007717640024775699,456.36966287310463
-0.007864936790344407,-456.97571766185195
