Desplacment,Force
0.004987174712978159,394.4948842309525
-0.005081035481779894,-393.62505569591076
