Desplacment,Force
0.004360905234257191,351.994726988371
-0.005697365510307814,-351.3039820452291
