Desplacment,Force
0.004886774822579726,272.02776602843574
-0.005013099619199188,-269.69848707995783
