Desplacment,Force
0.005629169639492934,408.84666902481996
-0.0055298317152815794,-405.10061861596085
