Desplacment,Force
0.0069862878750746454,437.9527624846505
-0.007112588471711428,-439.56936941118033
