Desplacment,Force
0.004481710877449718,366.09137297718
-0.00456379941186224,-368.4779480249659
