Desplacment,Force
0.005323280103720161,163.00686297376024
-0.007473847353989806,-169.2705126428729
