Desplacment,Force
0.0038732887637126195,158.51529414104326
-0.003752210688636385,-157.9259536048943
