Desplacment,Force
0.004965827395941636,161.921881465838
-0.005144353139544919,-162.46301600635826
