Desplacment,Force
0.003149901088758008,155.46025366308257
-0.0032666699538779266,-156.13136819376018
