Desplacment,Force
0.0011547126400847344,106.81077594802078
-0.0018043590974239703,-105.70698776132552
