Desplacment,Force
0.002731326451467767,120.52766747674212
-0.002616529283217228,-120.00190838449258
