Desplacment,Force
0.003272622402938227,122.37288783595653
-0.0034259134613601953,-122.84840831022058
