Desplacment,Force
0.0038343685487721157,257.3237444721712
-0.003928925308515012,-259.5938401329539
