Desplacment,Force
0.0020727732993705474,117.20542130196237
-0.0021688480101798367,-117.59021769614075
