Desplacment,Force
0.004593578473173403,268.9866264365847
-0.004489508462697516,-267.4485189604379
