Desplacment,Force
0.0029742703333890115,233.36497956814736
-0.0029066911149930345,-228.59724899911717
