Desplacment,Force
0.0069273000475228615,154.45629300116343
-0.007230348306142656,-155.36542325779675
