Desplacment,Force
0.005928326437260462,151.45907282111634
-0.005948964429480223,-151.52101777685056
