Desplacment,Force
0.0076498515147137795,156.62395067155248
-0.007614396445160922,-156.51758546289392
