Desplacment,Force
0.004907407256711394,148.39200479313567
-0.004888470713471978,-148.3345680413316
