Desplacment,Force
0.004876797629154929,408.9698019714391
-0.005736185857692094,-397.38310900390064
