Desplacment,Force
0.003486966488399805,288.8169907715197
-0.00386881817643701,-284.54780380627784
