Desplacment,Force
0.0058535948039636744,363.44801163841174
-0.00564119832884675,-362.7298182403656
