Desplacment,Force
0.0070701842629505955,375.9624824118424
-0.007350923830685882,-377.7161921112837
