Desplacment,Force
0.0045554918135425945,338.0362117192412
-0.004734299685717263,-340.08707674936915
