Desplacment,Force
0.002657876608548498,220.6956300230413
-0.004930477460054514,-227.76740761393827
