Desplacment,Force
0.004351246792670799,228.02644156397122
-0.00419708715116782,-227.50213217273722
