Desplacment,Force
0.005274651270911225,232.58947388391917
-0.0055088302053334995,-233.44377411455326
