Desplacment,Force
0.0033856829611226893,219.77074436399207
-0.0035306403825088235,-219.838377200156
