Desplacment,Force
0.0010431042859761655,112.4425744831994
-0.0013788367863561155,-131.1122379329189
