Desplacment,Force
0.0025871498211174197,238.82302722866734
-0.0025186081039579745,-227.5346641338546
