Desplacment,Force
0.003073088944156884,271.49239689800066
-0.0032478570770721016,-280.4965220654538
