Desplacment,Force
0.004202857917852111,296.2207686967866
-0.0042545155767223395,-298.01093925053095
