Desplacment,Force
0.00197357493221037,187.3326410437248
-0.0020655234448368476,-195.90916019975157
