Desplacment,Force
0.0048535751321989555,310.81375882139855
-0.004825695158755499,-309.6587580160638
