Desplacment,Force
0.0031536544279285915,259.99846827125185
-0.0031324902939567347,-256.02465075897703
