Desplacment,Force
0.005095068560975444,408.624963763407
-0.005586224337801672,-408.1789362082204
