Desplacment,Force
0.006337431234075912,431.4678077962279
-0.006239264317497401,-431.1898148421758
