Desplacment,Force
0.00771752966275815,455.0168885576576
-0.007864515612491173,-455.6219789133572
