Desplacment,Force
0.004987053961826187,393.7702997144846
-0.005080725879495055,-392.9155234718174
