Desplacment,Force
0.004361845162122401,351.86188653262167
-0.00569823815497946,-351.1780839892067
