Desplacment,Force
0.0034860146220757108,288.78969965777304
-0.003868311132201823,-284.52898428845356
