Desplacment,Force
0.005853828510796565,363.4511134745577
-0.005641282367450931,-362.73567668386545
