Desplacment,Force
0.007070282667444829,375.9632984004496
-0.007351213884102643,-377.7179008720983
