Desplacment,Force
0.004555570655210959,338.0475269402229
-0.004734502110982754,-340.09226292467184
