Desplacment,Force
0.0026565648788369795,220.68399274970596
-0.004930283044662311,-227.76519654443132
