Desplacment,Force
0.004351808029845484,228.02986625412856
-0.004197566383754869,-227.50610821115075
