Desplacment,Force
0.005275111652093678,232.59152146281312
-0.0055094158919219895,-233.44586087495136
