Desplacment,Force
0.0033859962580333183,219.77817949304753
-0.003531027185965318,-219.84349133912738
