Desplacment,Force
0.0010435823177981475,112.432360909007
-0.0013786045731449983,-131.1414809626935
