Desplacment,Force
0.0025871571591925624,238.98704642598267
-0.0025184598427002098,-227.67790107175577
