Desplacment,Force
0.003072988539655798,271.7938977089428
-0.003247848555144416,-280.82601151169274
