Desplacment,Force
0.004203130341464491,296.22793364422967
-0.004254755557526805,-298.0162329763788
