Desplacment,Force
0.0019734993719936057,187.39520420239643
-0.002065523337442507,-195.99670583874826
