Desplacment,Force
0.004853808802592686,310.817107029289
-0.004826007765152623,-309.6639162935623
