Desplacment,Force
0.003153805904812119,260.0049951011087
-0.003132689181721791,-256.03434699155395
