Desplacment,Force
0.005093406972794362,408.9973192095382
-0.005584474787462559,-408.55743368526413
