Desplacment,Force
0.006337823704596609,432.0124904102676
-0.0062395034022570866,-431.7368857157898
