Desplacment,Force
0.007717548759435241,455.70961762827505
-0.007864748071524198,-456.3158920816866
