Desplacment,Force
0.0049870958065112775,394.1413753564386
-0.005080902114890845,-393.2799210063359
