Desplacment,Force
0.004362199217473355,351.86688336677776
-0.0056991718014483194,-351.19516251359033
