Desplacment,Force
0.004364328704842481,187.641514189096
-0.004764890559551214,-188.81092603334952
