Desplacment,Force
0.005696774163882379,321.40860535032954
-0.005630961220053767,-320.5239734494477
