Desplacment,Force
0.007067561891364537,330.08785302098084
-0.007180330962033601,-330.5920304685637
