Desplacment,Force
0.004543994186838033,305.2440718780532
-0.00461177203613399,-306.3914347936986
