Desplacment,Force
0.0027968192042580773,314.8878477916025
-0.003960176151667089,-332.5676304780023
