Desplacment,Force
0.003997038147898589,351.63252298377284
-0.004013760877750485,-346.5235297293972
