Desplacment,Force
0.005032921224856578,403.914419801513
-0.005107011015990164,-406.98103423623735
