Desplacment,Force
0.003228768747732803,296.0494797046431
-0.003265348654694969,-300.6722276886262
