Desplacment,Force
0.0009788128617486563,120.78775516404153
-0.0017084922302839523,-119.13157840252637
