Desplacment,Force
0.002564944534965482,154.32885601951318
-0.0024596687121049778,-153.95758990903119
