Desplacment,Force
0.0030551184741209186,158.58899932881368
-0.003200246406765379,-159.28314837638817
