Desplacment,Force
0.004004173447211261,186.05854072542104
-0.004125107685628751,-186.56806633460423
