Desplacment,Force
0.0019469404862382067,143.94572047216673
-0.002034653267600303,-144.74212686372695
