Desplacment,Force
0.004790984661729711,189.01808868251118
-0.004688706481915021,-188.6678742534339
