Desplacment,Force
0.0031053732294489735,180.01238971603598
-0.0030351518118651426,-179.06742562570486
