Desplacment,Force
0.006307111942758235,216.7046759210081
-0.006789250161896687,-218.1441843574008
