Desplacment,Force
0.006158477191732013,216.21722910914573
-0.006150879980927581,-216.21279829036058
