Desplacment,Force
0.007801286408313979,221.21100374403923
-0.00782732824671065,-221.28894528740838
