Desplacment,Force
0.005020169322795593,212.5070807083477
-0.005035732066304413,-212.53724312234434
