Desplacment,Force
0.004162566119804467,309.94549488682395
-0.005099071172303887,-307.02912719520145
