Desplacment,Force
0.0034842934088858838,288.739270061543
-0.003867785043573925,-284.50667314416427
