Desplacment,Force
0.005854160757269594,363.62227295604316
-0.005641792225560211,-362.90866641261283
