Desplacment,Force
0.0070705107497201925,376.1592120963555
-0.007351487666366138,-377.91711627067843
