Desplacment,Force
0.004555783726974288,338.17204413805615
-0.004734706914180779,-340.22066989870535
