Desplacment,Force
0.0026519097814585533,220.7727242064797
-0.004927416374379262,-227.87709714013968
