Desplacment,Force
0.004352429480168551,228.1702509484076
-0.004198521037503281,-227.6484612741833
