Desplacment,Force
0.0052756961003716935,232.73940729835616
-0.0055099584236740495,-233.5940768262534
