Desplacment,Force
0.003386462677105998,219.90173261324378
-0.0035314134388839727,-219.96431380547438
