Desplacment,Force
0.0010432283268791691,112.42655529862029
-0.0013786737032715967,-131.1145014943123
