Desplacment,Force
0.002587546487433751,238.9154328323647
-0.002518790346165597,-227.60944573271348
