Desplacment,Force
0.003073338974629222,271.6206589140505
-0.003248284409460933,-280.64515710572925
