Desplacment,Force
0.004203523839494223,296.2386324643304
-0.004255180879726458,-298.02653944821986
