Desplacment,Force
0.0019737331695802505,187.3753537673914
-0.002065823876846459,-195.96415499640702
