Desplacment,Force
0.004854194639787033,310.8230433413208
-0.00482645678191306,-309.671484041249
