Desplacment,Force
0.003154066602095208,260.0172152810024
-0.0031329781359277177,-256.0489601247632
