Desplacment,Force
0.005090846292385913,409.3225290666949
-0.005582683396062523,-408.90504653826036
