Desplacment,Force
0.006338310787644908,432.5331511575281
-0.00623990748264982,-432.2595569431795
