Desplacment,Force
0.007717693963172189,456.3701193662176
-0.007865119376543467,-456.9775906607588
