Desplacment,Force
0.0049872364093485185,394.496612649187
-0.005081166636045122,-393.6300524238071
