Desplacment,Force
0.004359158247980773,351.9640825807133
-0.0056966976539006885,-351.28726997360934
