Desplacment,Force
0.0034868437927783238,288.8137871809175
-0.003868773154859249,-284.545567562957
