Desplacment,Force
0.0058536311088240225,363.4484749886524
-0.0056412136745286464,-362.73074112743336
