Desplacment,Force
0.0070702197990544675,375.96272643030306
-0.00735097826622132,-377.7165122762534
