Desplacment,Force
0.00455551434178975,338.0381226439335
-0.004734335662989593,-340.08798961163563
