Desplacment,Force
0.0026576663526945306,220.69381752783042
-0.004930400554532626,-227.76657815707753
