Desplacment,Force
0.004351300064658423,228.0267715952396
-0.004197134702168878,-227.50257265142997
