Desplacment,Force
0.00527469408147506,232.58969572255285
-0.0055088823078070295,-233.4439613902177
