Desplacment,Force
0.003385710861524837,219.77155033902372
-0.003530673667651092,-219.83883213268462
