Desplacment,Force
0.0010433055871758344,112.43942462001215
-0.001378755273403313,-131.12645078904455
