Desplacment,Force
0.0025870738592355036,238.88707302247298
-0.0025184987459316165,-227.59150719563235
