Desplacment,Force
0.00307299054490602,271.6173048606137
-0.0032477676131104577,-280.63165233878925
