Desplacment,Force
0.004202903418831869,296.2219901776863
-0.004254562977425676,-298.0118621606037
