Desplacment,Force
0.001973506882511286,187.3558159125924
-0.002065465443998438,-195.9420028595342
