Desplacment,Force
0.004853624220587287,310.8143982203002
-0.0048257489505025095,-309.65964994657037
