Desplacment,Force
0.0031536860660214792,259.99969132184054
-0.003132524516636319,-256.02633530093647
