Desplacment,Force
0.005094965349422884,408.66911284863096
-0.0055860427148866805,-408.22285939494463
