Desplacment,Force
0.00633749858181462,431.5298121302837
-0.0062393055943034785,-431.2520616815342
