Desplacment,Force
0.00771755644777486,455.09540634969017
-0.007864570719796139,-455.7006963375498
