Desplacment,Force
0.004987073786773534,393.81285897129794
-0.005080764383962538,-392.95734563042606
