Desplacment,Force
0.0043620150360509135,351.86462177585884
-0.0056984893264007885,-351.1826240969177
