Desplacment,Force
0.003750603695389797,354.12717888141395
-0.003915956315479654,-338.7662717551676
