Desplacment,Force
0.00579136701865182,353.31380260357787
-0.005552285538517143,-352.30819309355786
