Desplacment,Force
0.007040036880648685,364.84925286902
-0.007313906252176115,-366.3733526098481
