Desplacment,Force
0.004522290126557592,330.3397845188895
-0.004702556015719854,-332.3366765041911
