Desplacment,Force
0.003941563896544552,177.41889298459702
-0.006176093382172649,-184.06137746404139
