Desplacment,Force
0.0042177648869127825,178.05501441828093
-0.00399279767850204,-177.2012326612544
