Desplacment,Force
0.00517481904018028,181.1681741297711
-0.005431809750286931,-181.95151053983733
