Desplacment,Force
0.003299991405859333,173.98102287669133
-0.003468462705879895,-174.77632171358334
