Desplacment,Force
0.0011106101479693303,119.9926666545888
-0.0014041525413356337,-133.6136212822006
