Desplacment,Force
0.0025899642378703074,237.48872151466466
-0.002500163890509905,-227.06555469409926
