Desplacment,Force
0.003069316913939602,271.9634045268596
-0.003258836044398947,-279.99869035123623
