Desplacment,Force
0.004097358758941061,353.0032776688522
-0.004151189254067767,-360.8924294987668
