Desplacment,Force
0.001959908084162209,187.10436668680578
-0.002066609661551796,-196.0865777716174
