Desplacment,Force
0.004731748485957953,392.8431601405599
-0.004695699584302278,-385.62467054878084
