Desplacment,Force
0.003075916165670041,288.86618409054216
-0.0030504471720492125,-281.6405009230729
