Desplacment,Force
0.005805614652216882,314.0297466469163
-0.0061358018082800555,-314.35987948127206
