Desplacment,Force
0.006187168205107119,315.7342994812877
-0.006103235577842776,-315.40675313449657
