Desplacment,Force
0.007650491587574545,322.4538586464337
-0.00775707333554055,-322.78138176494394
