Desplacment,Force
0.004931583345086231,304.635964090432
-0.0050029598038943595,-304.7665646908348
