Desplacment,Force
0.005013459502171506,350.79204043089646
-0.006125881777896658,-349.1485958333476
