Desplacment,Force
0.004896815021236307,271.5602355690422
-0.005022459851981606,-268.9330801373572
