Desplacment,Force
0.005636182521016612,409.07642860626476
-0.005530839351528322,-405.1737986654378
