Desplacment,Force
0.006993479233570633,438.05239487241977
-0.007127465843636708,-439.768748327071
