Desplacment,Force
0.004485756869423371,366.2627808178566
-0.004572716390211152,-368.8821032888338
