Desplacment,Force
0.0053225896088381856,163.00477224558145
-0.007381697912965357,-169.04440650154436
