Desplacment,Force
0.0038758031718671656,158.52232843489165
-0.0037476595463407938,-157.90605449909697
