Desplacment,Force
0.004964736228106966,161.91405493580802
-0.005144674071397462,-162.4639294739024
