Desplacment,Force
0.00314888974763193,155.45028628892138
-0.0032665659199596765,-156.1278359452842
