Desplacment,Force
0.0009799784719208855,115.24812046451764
-0.001622501445776845,-119.61801099935929
