Desplacment,Force
0.0026852089432627874,156.9999282820244
-0.0025930805328608394,-156.67445915011024
