Desplacment,Force
0.003238094531197617,161.02132983579364
-0.003377454826743889,-161.6683023190549
