Desplacment,Force
0.0038612081501932806,257.27147000199597
-0.003934685228753595,-259.12749288730754
