Desplacment,Force
0.0020508444745966446,147.59280419057532
-0.0021363342194161412,-148.22391542463436
