Desplacment,Force
0.004602443157860323,268.4726889654069
-0.004517327739163534,-267.11884553418764
