Desplacment,Force
0.0029793065066357496,233.2471655362518
-0.0029248828104186607,-228.9364575010511
