Desplacment,Force
0.006931026061067975,155.09641136121618
-0.0072581392685082576,-156.07773611524337
