Desplacment,Force
0.005944649065116726,152.1072930664655
-0.005959857070201609,-152.18262539088383
