Desplacment,Force
0.0076621163807601405,157.28968740988267
-0.007635180506198347,-157.2088797861973
