Desplacment,Force
0.004915412843518639,149.04477011922356
-0.004901812015627716,-149.0033870443941
