Desplacment,Force
0.004929552442546437,409.9489525720207
-0.005723118401119057,-397.10331993901104
