Desplacment,Force
0.003485762742421701,289.0323132519656
-0.0038677420144051047,-284.7482546480387
