Desplacment,Force
0.005853803269399104,363.4509066564379
-0.005641406956251345,-362.7334472876886
