Desplacment,Force
0.007070415884492207,375.96401973545596
-0.0073511942047120565,-377.7178175618187
