Desplacment,Force
0.004555648990937099,338.0432204060075
-0.004734477305380556,-340.0918072820084
