Desplacment,Force
0.0026566344108132707,220.68425146086975
-0.00493032281159132,-227.76587338285526
