Desplacment,Force
0.004351504207822431,228.028019980605
-0.0041973533362716755,-227.50371093045638
