Desplacment,Force
0.005274837372301839,232.59033503987524
-0.005509071061081863,-233.44462897471703
