Desplacment,Force
0.003385819337161428,219.77365004677068
-0.003530802204222628,-219.84051084194348
