Desplacment,Force
0.001043359200094248,112.44878993925921
-0.00137886059781466,-131.13568488447322
