Desplacment,Force
0.002587136562528588,238.89207631942372
-0.0025185234641923273,-227.59280284473783
