Desplacment,Force
0.0030730229307428416,271.6188700035374
-0.003247852668900353,-280.63602187443246
