Desplacment,Force
0.004202960811377066,296.49817337173386
-0.004254677738441027,-298.30200359519216
