Desplacment,Force
0.0019735275260596625,187.3578356624545
-0.002065522810578453,-195.9464287398615
