Desplacment,Force
0.004853579928830502,311.1595886386733
-0.004825689750873511,-309.9954011553199
