Desplacment,Force
0.003153680054962596,260.1659472001009
-0.0031325029630108587,-256.1765783637275
