Desplacment,Force
0.005095025052017533,408.6212009107406
-0.00558621426976695,-408.17827046984144
