Desplacment,Force
0.006337477411066718,431.46876972680246
-0.006239257582179616,-431.18983629409945
