Desplacment,Force
0.0077174905275653165,455.0163491669824
-0.007864552306756522,-455.6223204136623
