Desplacment,Force
0.004987039781837041,393.76956052989965
-0.005080758237674386,-392.9166513500349
