Desplacment,Force
0.00436159290280617,351.85665775794956
-0.005698513918061138,-351.18282192313796
