Story,Max Ductility
1,5.7928785783375245
2,3.3084790668767745
3,3.5917356675048895
4,1.9072568934527692
5,1.4091253151971594
