Desplacment,Force
0.0040289310209491195,382.1723355337528
-0.004212767946952929,-373.9333855898915
