Desplacment,Force
0.005434730311468095,181.5367528095755
-0.005270593558209211,-181.03831931509814
