Desplacment,Force
0.006932972636825845,186.04901102895315
-0.007155473799432392,-186.71676162680785
