Desplacment,Force
0.004426409240444366,178.3609686910472
-0.004569523550703356,-178.82654673289173
