Desplacment,Force
0.006033292575155995,144.27862797191298
-0.00922948413119831,-153.86720774899555
