Desplacment,Force
0.0041005770227015865,138.44858626723098
-0.003971553424615586,-138.0485666923257
