Desplacment,Force
0.005276533401372318,142.0077871938637
-0.005559310796470724,-142.85640950264755
