Desplacment,Force
0.0033279150331539326,136.02124106491044
-0.0035101735822956562,-136.62207540494356
