Desplacment,Force
0.0012259983680808961,130.02810058224787
-0.0014233851999615587,-135.33944813826662
