Desplacment,Force
0.0025875963749499367,233.59358248810832
-0.0024896207330474796,-221.43676232077925
