Desplacment,Force
0.0030418713662880735,266.0592852035825
-0.003270643792080348,-273.53923127556186
