Desplacment,Force
0.00389024834970671,356.59179699378626
-0.004012111849230828,-371.6927501366206
