Desplacment,Force
0.001945321674061438,181.28831289335906
-0.002057845490798258,-193.51587367432316
