Desplacment,Force
0.0045802065679347945,412.20389250736844
-0.004485707727320028,-397.88944535485945
