Desplacment,Force
0.002974190358034662,288.4915536535916
-0.002908258794611567,-277.28149187360447
