Desplacment,Force
0.005748878910577114,423.37563771019
-0.006103638576394096,-420.7635223317608
