Desplacment,Force
0.0060245095173603515,424.2489880391208
-0.0059929258997599814,-425.9142260397587
