Desplacment,Force
0.007476606694629788,452.42448854328046
-0.007527387576192776,-451.8947049217522
