Desplacment,Force
0.004818737145511164,387.4628303753254
-0.004852407194158066,-383.80639533614425
