Desplacment,Force
0.007275675439472266,187.02789619030858
-0.009464722348427173,-193.64494944032117
