Story,Max Ductility
1,2.5261085013573394
2,4.12951104613388
3,2.9302505668522913
4,5.281658820149348
5,1.5852867669763158
