Story,Drift
1,1.211198206319174
2,1.8936473110907137
3,1.7053653332486567
4,1.260816374256297
5,0.7532960325958682
