Story,Max Ductility
1,2.15150469488372
2,3.077912769251081
3,2.551936897220556
4,2.133077275818589
5,1.7652063641461708
