Story,Max Ductility
1,5.354067865620187
2,5.081723177303103
3,6.218687053530784
4,14.405112187932811
5,2.873473985754508
