Desplacment,Force
0.004363865866702565,187.63999398996532
-0.004764559414440625,-188.8097038021432
