Desplacment,Force
0.005696506175172822,320.92044252647156
-0.005630557915190665,-320.0419430853485
