Desplacment,Force
0.007067476607830154,329.54998755600946
-0.007180214810538602,-330.0518244480173
