Desplacment,Force
0.0045438948495605804,304.8576024206924
-0.004611674541493983,-306.00186262700265
