Desplacment,Force
0.002797449898823559,314.95886774229103
-0.003961645928990248,-332.60522450373804
