Desplacment,Force
0.003997055356524501,351.591047066716
-0.004013901496086976,-346.48450874881297
