Desplacment,Force
0.005033164535091374,403.8454455568522
-0.005107142189356568,-406.9082446042179
