Desplacment,Force
0.0032288965615562865,296.0339484575166
-0.0032654065615349507,-300.6520590521221
