Desplacment,Force
0.0009795052667528016,120.82005134287976
-0.0017089222453876723,-119.16002103916522
