Desplacment,Force
0.002564723923444816,154.32648580995433
-0.0024594104895023085,-153.9537644860818
