Desplacment,Force
0.0030547947686589806,158.58717258566006
-0.0031999832298818054,-159.28183808501467
