Desplacment,Force
0.004003839974865635,186.0570857279987
-0.004124880389517807,-186.5670687385749
