Desplacment,Force
0.001946706412945264,143.93843302161193
-0.002034468076067378,-144.73788788332385
