Desplacment,Force
0.004790677299898577,189.01707254997532
-0.00468829741539267,-188.66648754739154
