Desplacment,Force
0.0031051757042538947,180.01042103688042
-0.003034888464596911,-179.06448520724942
