Desplacment,Force
0.00630771426850978,216.7065101491113
-0.006789645026580164,-218.1449732572986
