Desplacment,Force
0.006158102165836043,216.21594766782098
-0.00615054967036691,-216.21178559652893
