Desplacment,Force
0.0078009118824655015,221.2098788359572
-0.007826854870777607,-221.2875229753252
