Desplacment,Force
0.005019924161521207,212.5062287024267
-0.005035428600443851,-212.53615028063334
