Desplacment,Force
0.004165751934959154,309.5655345460623
-0.005103806481436717,-306.69073338378604
