Story,Max Ductility
1,3.212670269787818
2,3.106297786554492
3,3.642928407661643
4,5.659211774967407
5,1.5831069243883635
