Desplacment,Force
0.004887066686412155,272.10567445775973
-0.005014411491957659,-269.7672614223729
