Desplacment,Force
0.005629108483241805,408.72855061737596
-0.00552982647700716,-404.9861312135219
