Desplacment,Force
0.006986499471739789,437.7956354819107
-0.0071125415078742375,-439.4080189141653
