Desplacment,Force
0.004481812109803707,366.0199393906597
-0.00456375571614764,-368.39990290962027
