Desplacment,Force
0.005325778203258382,163.01436317529726
-0.007476861248260765,-169.2780290451016
