Desplacment,Force
0.00387305994204521,158.51452824329436
-0.0037518105170021854,-157.92446123001758
