Desplacment,Force
0.004965730989194314,161.92158324945638
-0.005144220192482273,-162.46261399565816
