Desplacment,Force
0.0031497892698795467,155.4594285973387
-0.003266560994920397,-156.13083227355486
