Desplacment,Force
0.0011551471672406064,106.82424320618695
-0.0018058122684509923,-105.72871565934206
