Desplacment,Force
0.00273108631060966,120.52684133041832
-0.0026165936040858984,-120.00173030344318
