Desplacment,Force
0.003272678882958648,122.37304073045875
-0.0034258061478210284,-122.8480847295157
