Desplacment,Force
0.003834111158993628,257.37478052368806
-0.0039287023874802806,-259.64937967371367
