Desplacment,Force
0.00207279533346652,117.20473157411726
-0.0021687474746333486,-117.5897270890081
