Desplacment,Force
0.0045933101786478645,269.0551127116554
-0.004489095593285524,-267.51268142756044
