Desplacment,Force
0.0029741016715197108,233.39660228009413
-0.002906440521132918,-228.6204904124318
