Desplacment,Force
0.0069298856580050396,154.1243746982575
-0.007232843863108796,-155.03323554203354
