Desplacment,Force
0.005927559356946444,151.11710808733915
-0.005948633643114094,-151.18036092941725
