Desplacment,Force
0.007649798616832373,156.28411595062357
-0.00761386956298156,-156.17632878907114
