Desplacment,Force
0.0049073370827957315,148.0522778822277
-0.004888090827086558,-147.99392946782964
