Desplacment,Force
0.004878612515227787,408.9028001858105
-0.005738313864242992,-397.33575512730624
