Desplacment,Force
0.004365710740784865,187.64586551956342
-0.004765538713228683,-188.81334170993532
