Desplacment,Force
0.005697302432870099,322.21094084400653
-0.005631628190474353,-321.3162077791945
