Desplacment,Force
0.0070677388079348905,330.9723031803973
-0.007180610233875148,-331.48050816611334
