Desplacment,Force
0.004544171381795369,305.87875524845816
-0.0046119888611950224,-307.03103659769874
