Desplacment,Force
0.002796674233839268,314.80549828127795
-0.0039558208009248825,-332.6052492407103
