Desplacment,Force
0.00399691103973366,351.9046618273116
-0.0040131984520900875,-346.78027697757443
