Desplacment,Force
0.00503225481033403,404.3850289587069
-0.0051066195494208514,-407.4656984708934
