Desplacment,Force
0.0032283696997058146,296.1742182396528
-0.0032651475362533364,-300.81627126327766
