Desplacment,Force
0.0009775882265584978,120.73705318015575
-0.001707977809043317,-119.08962399883988
