Desplacment,Force
0.002565190398978538,154.33156681874115
-0.0024601482995827285,-153.96299293592077
