Desplacment,Force
0.003055559032151668,158.59139394557164
-0.003200535180460839,-159.28459165423004
