Desplacment,Force
0.004004812492953249,186.06129263614582
-0.004125504964249387,-186.56985052989117
