Desplacment,Force
0.001947265282412324,143.9559229087275
-0.002034871346258911,-144.74717571185252
