Desplacment,Force
0.00479154856011274,189.019959493906
-0.004689483053906407,-188.67049672670564
