Desplacment,Force
0.0031057325553042687,180.01612979658702
-0.0030356534892101153,-179.0728961761298
