Desplacment,Force
0.00630659397181709,216.7030823932501
-0.006788820461575417,-218.14363996365208
