Desplacment,Force
0.006159232907651549,216.21974583073506
-0.006151556553113471,-216.21487250302187
