Desplacment,Force
0.00780212385176749,221.21351891305562
-0.007828310290132704,-221.29189584508325
