Desplacment,Force
0.005020707169593072,212.50894271917045
-0.005036360413297677,-212.53949733948073
