Desplacment,Force
0.004157396121669979,310.55841460618325
-0.005090244702058828,-307.57017258421536
