Story,Max Ductility
1,2.4142391660193296
2,4.148373133700534
3,2.8429729926563936
4,3.9627299161253386
5,1.4028183286008062
