Desplacment,Force
0.0034835943424146422,289.2314858316063
-0.0038660724081189756,-284.94016503527735
