Desplacment,Force
0.005854226383277272,363.45674430194333
-0.005641693680353141,-362.74240151136286
