Desplacment,Force
0.007070689526111952,375.96602794018924
-0.0073517083205933914,-377.7208854069343
