Desplacment,Force
0.00455585493425013,338.06014714386083
-0.004734829550611321,-340.1010724022403
