Desplacment,Force
0.0026541967113931325,220.66204832268036
-0.004930119435688689,-227.76366924446526
