Desplacment,Force
0.0043523618048187515,228.03325539975881
-0.004198129951913742,-227.5093667240477
