Desplacment,Force
0.005275518838309826,232.59331359935646
-0.0055099481093057925,-233.44774565253326
