Desplacment,Force
0.003386296663258616,219.7842250846727
-0.0035313870134136742,-219.84820313808922
