Desplacment,Force
0.0010436936239886646,112.4506196933044
-0.0013788073740704004,-131.15910830868395
