Desplacment,Force
0.0025873330629969725,239.0016985980739
-0.00251854481606251,-227.68372365152604
