Desplacment,Force
0.003073096225819714,271.79977949338326
-0.0032480816586596462,-280.8389272480983
