Desplacment,Force
0.0042033003701319694,296.7963375583091
-0.00425503013106464,-298.6129587014381
