Desplacment,Force
0.0019735683131159782,187.40197045594564
-0.0020656796272260757,-196.00891647699058
