Desplacment,Force
0.004853754475102462,311.5266245159823
-0.00482594570687595,-310.3544081113697
