Desplacment,Force
0.003153817294852448,260.34731362414755
-0.0031326826338405073,-256.3445190891947
