Desplacment,Force
0.0050930828479820904,408.9840521469047
-0.005584430903240083,-408.55295483927733
