Desplacment,Force
0.006337852503713892,432.0134149921368
-0.006239449778344378,-431.73591254882473
