Desplacment,Force
0.007717399808938395,455.70797047761704
-0.00786474299455569,-456.31589581058995
