Desplacment,Force
0.0049870245999981315,394.13828183633746
-0.005080916364766665,-393.2806549415838
