Desplacment,Force
0.004361322100764049,351.85012949503425
-0.005699331184672577,-351.19759997283813
