Desplacment,Force
0.0048957087431904245,271.5320461623246
-0.005020644735439359,-268.93593249664474
