Desplacment,Force
0.005636690395885064,409.9655575769354
-0.005532117582758981,-406.05823304220627
