Desplacment,Force
0.006993907810355917,439.2627779100356
-0.007127757829013794,-440.9934239909309
