Desplacment,Force
0.004486176485177038,366.83969122410673
-0.0045729446437576095,-369.460959792723
