Desplacment,Force
0.005314108773643091,162.97931168145567
-0.007375135907385427,-169.02967264356383
