Desplacment,Force
0.0038762484769869878,158.52363650367667
-0.0037477360011419,-157.9062950699631
