Desplacment,Force
0.004964802815188251,161.91441286785843
-0.005144779962207339,-162.46424848524157
