Desplacment,Force
0.0031491064145247067,155.45149177695728
-0.0032667135691213382,-156.12845834763715
