Desplacment,Force
0.0009790402487113098,115.21470102815996
-0.0016211170170201516,-119.59360801468989
