Desplacment,Force
0.002685634236690249,157.00381799897278
-0.0025933581211417447,-156.68033002553346
