Desplacment,Force
0.003238413058146886,161.02311516762623
-0.0033779453203886547,-161.67047050333798
