Desplacment,Force
0.0038617731995948495,257.28281151544604
-0.003935446470680436,-259.13940878554837
