Desplacment,Force
0.0020511180653264684,147.60485121942563
-0.0021366926906390142,-148.2311919889681
