Desplacment,Force
0.004603162179334067,268.47932000934173
-0.0045180682261589085,-267.1271275898715
