Desplacment,Force
0.002979809887308457,233.26448543138872
-0.0029253516974232325,-228.95581161871382
