Desplacment,Force
0.006928596200597242,155.14867058688768
-0.007257023239894887,-156.13393673008625
