Desplacment,Force
0.005945401811894488,152.16781188055768
-0.005960526119180891,-152.24417979590098
