Desplacment,Force
0.007662695829059252,157.3509748339975
-0.007636036033926899,-157.27099544860044
