Desplacment,Force
0.004915827256007002,149.10553618202948
-0.004902367884778858,-149.06457736276474
