Desplacment,Force
0.004920336187691925,410.6124200694991
-0.005713515332594832,-397.64771789827597
