Story,Max Ductility
1,3.1781778451469544
2,3.081660615741487
3,3.6140584861239833
4,5.583091757184225
5,1.5658266873184383
