Desplacment,Force
0.0035250623205618737,350.2903020399354
-0.0037555136835916653,-341.3547167987869
