Desplacment,Force
0.005860077601787531,354.04098632522937
-0.005661506110554877,-353.0865959194543
