Desplacment,Force
0.00711843807928998,365.1959096164228
-0.007372309359611585,-366.6678367201873
