Desplacment,Force
0.004581057245681888,331.554441906201
-0.004744114189130117,-333.2414362242902
