Desplacment,Force
0.0028920852488904056,222.03926149179296
-0.005021971577175642,-228.4417350721271
