Desplacment,Force
0.0043014263201627545,227.66277442384452
-0.004139299744682843,-227.06476218716531
