Desplacment,Force
0.005225602017907009,232.4076886474321
-0.005456205732026065,-233.25054344547848
