Desplacment,Force
0.0033495658861940883,219.1468289473249
-0.003494469676273184,-219.31788519390165
