Desplacment,Force
0.001103039453064132,120.1872807908524
-0.0014443515421195155,-137.092167579333
