Desplacment,Force
0.002580970151774094,236.76251100808335
-0.0024768256984722234,-226.35137435073847
