Desplacment,Force
0.003048480130603446,270.9462413701169
-0.003243751076626487,-279.02592379337284
