Desplacment,Force
0.004147899713845079,375.0065024816296
-0.004199587870634212,-384.2493648119156
