Desplacment,Force
0.0019429096007552943,186.62168471634013
-0.002061241034059398,-195.55556492634153
