Desplacment,Force
0.0047706726729514854,423.32450532699755
-0.004739413406622453,-413.95484215400586
