Desplacment,Force
0.003103696368070553,298.9219331924092
-0.003080963594538074,-292.09616332584903
