Desplacment,Force
0.005676032540080404,312.6787011127729
-0.006083648090478433,-313.4299036428401
