Desplacment,Force
0.0062412713454123,315.3309588403841
-0.006153873371235291,-314.96989519687423
