Desplacment,Force
0.007692982812181576,321.8428271038931
-0.007815923534786934,-322.2341671487239
