Desplacment,Force
0.004964150667946627,304.405967614489
-0.005043837121475443,-304.6742620796404
