Desplacment,Force
0.0044703636664555416,344.4103911894502
-0.005726982474512992,-343.44396596051547
