Desplacment,Force
0.003926640113795864,340.2714370693242
-0.004187756977346215,-335.0135240589144
