Desplacment,Force
0.005862167306449737,425.8558559547472
-0.005780722886155612,-423.60719650314104
