Desplacment,Force
0.007225010309505964,456.9661966838809
-0.007374119453763253,-457.53796536527943
