Desplacment,Force
0.004647145359710427,380.0067150930584
-0.0047369900351009195,-382.8246360885197
