Desplacment,Force
0.002661347636841301,295.3270684690742
-0.0036409150189530984,-327.5064749635719
