Desplacment,Force
0.004079512461231604,372.78073741989795
-0.003999147658229536,-362.2617374882896
