Desplacment,Force
0.005005901424871231,431.67956656364834
-0.00518338626684845,-440.55558132866753
