Desplacment,Force
0.003213084743835124,303.46842777046
-0.0033177735404298857,-313.16511827876246
