Desplacment,Force
0.001151855383086751,134.73689489073132
-0.0017349591164313183,-148.51718486430414
