Desplacment,Force
0.0025351008450056546,205.67053833250912
-0.0024171317212615946,-202.74304117208004
