Desplacment,Force
0.0030234218913533614,227.636430858104
-0.0032164648060334046,-228.15760213904252
