Desplacment,Force
0.004119002504454723,336.9971401099703
-0.004216550503776728,-344.8133210650274
