Desplacment,Force
0.0019269510856663495,173.18270359333013
-0.0020424625713579554,-178.8330256074412
