Desplacment,Force
0.004800650730440249,369.1228063412666
-0.004720181973858417,-363.0810178937794
