Desplacment,Force
0.0031248794308774467,283.6914126084945
-0.0030691675215126116,-274.89849829088024
