Desplacment,Force
0.0069387253402777085,118.19640590319115
-0.007485807316469298,-119.83765183176592
