Desplacment,Force
0.006112897733984474,115.71892308431144
-0.006123161418036307,-115.74971413646695
