Desplacment,Force
0.007851614730150861,120.93507407281061
-0.00787927894760467,-121.01806672517203
