Desplacment,Force
0.0050475848323537275,112.5229744885786
-0.005061752458621009,-112.56547898302934
