Desplacment,Force
0.0038769357336886773,372.268800192567
-0.004615261208717862,-367.07164191242083
