Desplacment,Force
0.003484324437559886,288.73950929048993
-0.0038677596660161642,-284.50686362606706
