Desplacment,Force
0.005854139856842552,363.62204010052955
-0.0056417800580161465,-362.90812598993375
