Desplacment,Force
0.007070460008893658,376.15889627827005
-0.0073514427327852445,-377.9168528988542
