Desplacment,Force
0.004555755427453085,338.17073166300617
-0.004734679651795623,-340.219994505581
