Desplacment,Force
0.0026520380662637434,220.77376011339828
-0.00492753057085579,-227.8783059643773
