Desplacment,Force
0.004352450285183208,228.17036958480574
-0.004198534941409995,-227.64848061998106
