Desplacment,Force
0.005275715398318374,232.7394278209041
-0.005509987627172363,-233.59417757833995
