Desplacment,Force
0.0033864783742037865,219.90180526948933
-0.0035314349924478643,-219.96457026497393
