Desplacment,Force
0.0010429228941919281,112.43067966174095
-0.0013787882364384367,-131.0918324434402
