Desplacment,Force
0.002587704128115565,238.82085660341514
-0.0025189827160118352,-227.52498383705483
