Desplacment,Force
0.003073519830090156,271.4320138802501
-0.003248467416277617,-280.4417872253293
