Desplacment,Force
0.004203493415491983,296.2377847654872
-0.00425513883966778,-298.0258674931197
