Desplacment,Force
0.001973856802239972,187.3418931004068
-0.002065943616592154,-195.91643260276913
