Desplacment,Force
0.004854147604534559,310.8225026340432
-0.004826418642262241,-309.6708474817258
