Desplacment,Force
0.0031540364930958214,260.0162096788176
-0.003132953857800382,-256.0477479286089
