Desplacment,Force
0.005090669777668668,409.31836894438925
-0.005582652883434186,-408.90277555821336
