Desplacment,Force
0.00633826283745962,432.53234753446543
-0.006239877997235473,-432.2588032092479
