Desplacment,Force
0.007717642813571877,456.3697207254194
-0.007865059548900898,-456.9770575684438
