Desplacment,Force
0.004987205071435876,394.49544293570233
-0.0050811280231535215,-393.62884813669274
