Desplacment,Force
0.004358888547593007,351.9595562338961
-0.005696395335593287,-351.2818411968595
