Desplacment,Force
0.004363515069537907,187.6388047398896
-0.004764938578699233,-188.81090639396908
