Desplacment,Force
0.005696502859457352,320.92029083154085
-0.005630518896782616,-320.04114838323204
