Desplacment,Force
0.00706729190532523,329.549168717263
-0.0071800489565269,-330.0511161105884
