Desplacment,Force
0.004543793358856601,304.85543618687456
-0.004611588278622588,-305.9997971197197
