Desplacment,Force
0.0027979289683394987,314.99044903633995
-0.003962141412798141,-332.61298579289235
