Desplacment,Force
0.00399717087162945,351.5765411885284
-0.004013900662495121,-346.46354204611424
