Desplacment,Force
0.005033174966491031,403.8071407198019
-0.005107240883295656,-406.8743897976981
