Desplacment,Force
0.003228918869594676,296.0240136252276
-0.0032654928048426964,-300.64631666787966
