Desplacment,Force
0.0009804559542637191,120.69541132211933
-0.0017120150121029336,-118.93214803214495
