Desplacment,Force
0.0025657998446838516,153.66404513862494
-0.0024605083307813174,-153.28985071918396
