Desplacment,Force
0.003055574115508771,157.8340163306945
-0.003200940198048709,-158.5192296039822
