Desplacment,Force
0.004003425702220726,186.0553915403081
-0.0041247367017312325,-186.56641711567877
