Desplacment,Force
0.0019472173604289371,143.48490517936668
-0.00203513126362506,-144.25257980677844
