Desplacment,Force
0.00479046634487686,189.01637579162022
-0.004687864125052628,-188.66504952670988
