Desplacment,Force
0.0031050447266853906,180.0091435466928
-0.003034606088416862,-179.0617159954966
