Desplacment,Force
0.006307228266546942,216.7050473680877
-0.0067888652637369575,-218.14295509722217
