Desplacment,Force
0.0061578826587904015,216.21518357834395
-0.006150330524749455,-216.21110638619916
