Desplacment,Force
0.007800631443827369,221.20903622622242
-0.007826543811860646,-221.28658822244148
