Desplacment,Force
0.005019747287126598,212.5055846512775
-0.005035234636562319,-212.5354369417347
