Desplacment,Force
0.00416457617414698,309.55385104383
-0.005103394875376198,-306.67757477016966
