Desplacment,Force
0.0034869491118545383,288.8168582472799
-0.003868832544333665,-284.54769853228316
