Desplacment,Force
0.005853606558180625,363.44814229086455
-0.00564120514129542,-362.73012147843923
