Desplacment,Force
0.007070212775532841,375.9626595946162
-0.007350949088759426,-377.7163398950951
