Desplacment,Force
0.0045555077108226805,338.0369484472411
-0.0047343150117102354,-340.0874557769232
