Desplacment,Force
0.002657804723722607,220.69505312914802
-0.004930413449190418,-227.76673193016526
