Desplacment,Force
0.0043512351153638,228.02637507041703
-0.004197079330496504,-227.5021215964178
