Desplacment,Force
0.00527464043365167,232.58946235577568
-0.005508813819443145,-233.44371761535706
