Desplacment,Force
0.0033856741408738703,219.7707041397325
-0.003530628287362569,-219.83823350891623
