Desplacment,Force
0.0010432762648920127,112.44025049104609
-0.0013787722811517613,-131.1249727659835
