Desplacment,Force
0.0025870613228897656,238.8761458472849
-0.002518499946114524,-227.58211654140916
