Desplacment,Force
0.003072987260826316,271.5984381830563
-0.0032477542800992223,-280.6108015038955
