Desplacment,Force
0.004202874980947021,296.22124473415704
-0.004254539184079713,-298.01131665254616
