Desplacment,Force
0.001973505420998014,187.3514348712708
-0.0020654561922562585,-195.93596799539463
