Desplacment,Force
0.004853601547002439,310.8140625744903
-0.004825716561187336,-309.6591155641607
