Desplacment,Force
0.0031536713363979067,259.999033061623
-0.0031325039170615604,-256.02533145575126
