Desplacment,Force
0.005095168046674384,408.62727973205364
-0.005586241474600643,-408.18019984552967
