Desplacment,Force
0.006337458168033717,431.4682543003168
-0.006239280844245176,-431.1902343124232
