Desplacment,Force
0.007717558387392751,455.01710975801905
-0.007864549229720618,-455.622274692118
