Desplacment,Force
0.004987071555800531,393.77095196570804
-0.005080747575023535,-392.91619504399836
