Desplacment,Force
0.004361996969723245,351.86442426149125
-0.005698408174832203,-351.1811306472061
