Desplacment,Force
0.004365741068748129,187.6456892899826
-0.00476550049827214,-188.81311063430374
