Desplacment,Force
0.005697092943512771,321.60136365380845
-0.005631115478244014,-320.71393064773173
