Desplacment,Force
0.007067567708211093,330.2987615392989
-0.007180482528276702,-330.80425067595866
