Desplacment,Force
0.004544004819265136,305.396243782495
-0.004611891741573589,-306.5445593468659
