Desplacment,Force
0.0027989392976209516,314.95966780452767
-0.003955343898464831,-332.7907663913129
