Desplacment,Force
0.003996874378485239,352.1183467746394
-0.004012929671227584,-346.9776970416105
