Desplacment,Force
0.005032205565124821,404.7558206905183
-0.005106608819479272,-407.8450145995729
