Desplacment,Force
0.0032282893021817944,296.282120941917
-0.003265132221517903,-300.9367502482238
