Desplacment,Force
0.0009789059758061915,120.70083536019324
-0.001710751122834062,-118.98591917498662
