Desplacment,Force
0.0025654475628306803,153.90354504824003
-0.002460332042520461,-153.53266250595334
