Desplacment,Force
0.003055536073937491,158.1065559907342
-0.0032006272935706814,-158.79419307658878
