Desplacment,Force
0.0040042556044725475,186.0588883544014
-0.004125162200886204,-186.56838978073927
