Desplacment,Force
0.0019472238174703916,143.6549200617448
-0.0020349497305991882,-144.42934094462524
