Desplacment,Force
0.004791109707646655,189.01851854177085
-0.004688837105904559,-188.66831412474215
