Desplacment,Force
0.0031054495054798703,180.01354645524185
-0.003035237931350696,-179.06833277618222
