Desplacment,Force
0.006307654183885152,216.7063006531688
-0.006789106009569564,-218.14433708666724
