Desplacment,Force
0.006158814430521781,216.21821994675307
-0.006151187286678626,-216.21373565061828
