Desplacment,Force
0.007801777975218565,221.2124796885554
-0.007827798103088425,-221.29035670644006
