Desplacment,Force
0.005020471414717824,212.50809542972198
-0.005036034049243395,-212.5383019624871
