Desplacment,Force
0.004160645619289779,310.06521443909503
-0.005094426560517304,-307.1231207505859
