Desplacment,Force
0.0040002929808588125,298.14479821535275
-0.0042449971891407945,-291.0517688416924
