Desplacment,Force
0.005604822048741705,172.35184431822057
-0.005570371212447596,-172.25206510386704
