Desplacment,Force
0.007183863253727844,177.10014376810327
-0.007207954060006172,-177.16499422954683
