Desplacment,Force
0.004596560204712027,169.26525392112467
-0.004613698470289906,-169.29306982618095
