Desplacment,Force
0.0030324587944910142,337.663159264329
-0.004779684317340435,-354.92104739092207
