Desplacment,Force
0.00400901906011683,338.4658547055226
-0.004052965148181394,-333.4891541135279
