Desplacment,Force
0.005121162539989411,382.90161094015616
-0.005164454738256926,-385.44814742294375
