Desplacment,Force
0.003271068302341335,290.69391690487737
-0.0032890830240834383,-294.21863395509524
