Desplacment,Force
0.0015505922801850255,160.5918363158548
-0.001854262217188382,-176.7661492487336
