Desplacment,Force
0.002340486190593085,223.72869155450422
-0.002237110844172145,-212.2777554799308
