Desplacment,Force
0.0028016492562581386,263.6647734735328
-0.002978247297201421,-273.8144294639558
