Desplacment,Force
0.0038772229306433792,285.7320813255188
-0.004112838524270925,-292.55389553642476
