Desplacment,Force
0.001769593322006285,173.40517185821216
-0.0018798005044384377,-182.49351017976457
