Desplacment,Force
0.004695129522530143,306.0680886659973
-0.004466589801136573,-300.9846140140719
