Desplacment,Force
0.003053261126501605,254.01810172504776
-0.0029006359535997915,-243.45771397611466
