Desplacment,Force
0.007215648176913321,126.47047392659215
-0.007584265637897795,-127.57639860120713
