Desplacment,Force
0.00585501071813211,122.38863384191008
-0.006000826111907979,-122.81530189070038
