Desplacment,Force
0.007715344718971815,127.96963584442919
-0.00755849097557806,-127.47032903144122
