Desplacment,Force
0.004956642405056828,119.69344280325231
-0.004853371680348689,-119.36837163144334
