Desplacment,Force
0.005784754014953212,172.90223005063154
-0.007380433957163269,-177.68865154861797
