Desplacment,Force
0.004887110984992554,272.0299896991183
-0.005013664970077456,-269.69703754600874
