Desplacment,Force
0.0056289872523467305,408.4976215298186
-0.005529320600515769,-404.7523727580578
