Desplacment,Force
0.006986107258474421,437.47715579869885
-0.0071124850275465085,-439.08888942174235
