Desplacment,Force
0.004481539244277805,365.86398036950146
-0.004563719388457246,-368.25100645610416
