Desplacment,Force
0.005326425997474633,163.0163071518536
-0.007476240444048154,-169.2757628449057
