Desplacment,Force
0.0038731570368902846,158.5148665600395
-0.0037522126913837627,-157.92597841054277
