Desplacment,Force
0.004965799380566867,161.92179734245605
-0.005144325696934256,-162.46293347533216
