Desplacment,Force
0.003149829990011683,155.45986947942444
-0.0032666235872551427,-156.13117891025664
