Desplacment,Force
0.0011554342942751727,106.82131477066652
-0.001805010359321792,-105.71564720404072
