Desplacment,Force
0.002731178150271725,120.52709954687512
-0.0026163954039001114,-120.001246673542
