Desplacment,Force
0.003272481702839184,122.37244310272598
-0.0034257288520837008,-122.84783790353376
