Desplacment,Force
0.0038341670922865424,257.31971456222857
-0.003928650309848667,-259.5879313093663
