Desplacment,Force
0.0020726556491598653,117.2040830138661
-0.0021687152870154104,-117.58928576861005
