Desplacment,Force
0.004593303595694323,268.9842171218125
-0.004489242813790786,-267.4455043306038
