Desplacment,Force
0.0029740855911253063,233.35872101164796
-0.002906523059323218,-228.59031375930266
