Desplacment,Force
0.00692815114261355,154.45884632232938
-0.007230574303936319,-155.36610127469532
