Desplacment,Force
0.005928086429891718,151.45835262006156
-0.00594870581521622,-151.5202418029439
