Desplacment,Force
0.007649614023507133,156.62323819793255
-0.0076140948481059215,-156.51668067172892
