Desplacment,Force
0.004907239602496353,148.39150054589086
-0.004888278419352121,-148.3339888743882
