Desplacment,Force
0.004880359998622153,408.71084345055306
-0.0057399120165326075,-397.16583273515886
