Desplacment,Force
0.004891749600533026,271.3883134078182
-0.005015901245310424,-269.10858302435685
