Desplacment,Force
0.005628593408111145,408.7187046642211
-0.005528831524544446,-404.9672771606673
