Desplacment,Force
0.006985278622757541,437.7840313553952
-0.007112053990841932,-439.4023842572547
