Desplacment,Force
0.004481031453631232,365.9933512339262
-0.00456343599080365,-368.39040683235737
