Desplacment,Force
0.005326815623905444,163.01747335565105
-0.007472267981934655,-169.26588351048397
