Desplacment,Force
0.0038726016210381816,158.51308910753986
-0.0037527918433113935,-157.92810112380468
