Desplacment,Force
0.00496540730119143,161.92062437864627
-0.005143872004752039,-162.46156693876918
