Desplacment,Force
0.0031496562999704207,155.45935270011407
-0.0032663157278119215,-156.1299532833115
