Desplacment,Force
0.001152388705527609,106.78689253715898
-0.0018018484015125311,-105.67972772334612
