Desplacment,Force
0.0027315152274364134,120.56921362613546
-0.002616537905900183,-120.04278155954844
