Desplacment,Force
0.0032725414447237187,122.41440841324167
-0.003425781740263512,-122.88979656144916
