Desplacment,Force
0.0038340445463938286,256.8111640470218
-0.003928334982878366,-259.05404870438593
