Desplacment,Force
0.0020727090827792507,117.24235346628421
-0.0021687874280255956,-117.6271387608196
