Desplacment,Force
0.004593578143392371,268.3557953238419
-0.004489813574341505,-266.8400624118631
