Desplacment,Force
0.002974180300858742,233.02299615762433
-0.0029068008809409575,-228.29884292804363
