Desplacment,Force
0.006924367388291315,155.07643544657964
-0.007226872227297564,-155.98393397132452
