Desplacment,Force
0.005929440018782459,152.09133105502798
-0.005949364206692773,-152.15113666213216
