Desplacment,Force
0.007649940064496343,157.25315846109126
-0.007615124175844074,-157.14871079513446
