Desplacment,Force
0.004907476177993317,149.020845057503
-0.004888983054180054,-148.96470286164916
