Desplacment,Force
0.004878722043918891,408.88634777584446
-0.005735993258770675,-397.2707211256663
