Desplacment,Force
0.004204098899607472,341.86383912612666
-0.0043982092340208575,-330.2177146213782
