Desplacment,Force
0.005704784493179752,411.2428081536088
-0.0056048848127136465,-407.7428530249899
