Desplacment,Force
0.00705548739476507,439.5794766311847
-0.007199897467046419,-441.1817494740578
