Desplacment,Force
0.004531920760186836,368.4101355749716
-0.00462311970567316,-371.2452852068741
