Desplacment,Force
0.004614717254478614,161.29941303123272
-0.00719220360965284,-169.02964113487144
