Desplacment,Force
0.004007702479139826,159.3654566527167
-0.003846785323942541,-158.7743312928595
