Desplacment,Force
0.005049330944700791,162.59469001916924
-0.005244126628641807,-163.18422355685433
