Desplacment,Force
0.003213606410122903,156.15881631862118
-0.0033385932541793923,-156.8097792618184
