Desplacment,Force
0.0010782681432800144,120.3422508644717
-0.0016778337729631706,-120.95686334714263
