Desplacment,Force
0.002700411346260791,156.20402937783422
-0.0025841341149499476,-155.9270208720138
