Desplacment,Force
0.003230175708281641,159.97501626466175
-0.00340088970008302,-160.7109110064151
