Desplacment,Force
0.003935810343504631,316.13938313276446
-0.004039606571673964,-323.1041977067542
