Desplacment,Force
0.002049524923552535,147.54188788074686
-0.0021541551965205395,-147.8758542068184
