Desplacment,Force
0.004637263198025412,345.77259715271947
-0.00454151587913677,-340.08491898584197
