Desplacment,Force
0.0030126711110557984,269.8112522869758
-0.0029481359131853157,-260.89435610009286
