Desplacment,Force
0.006747420359407422,154.54558730770378
-0.007151228695544246,-155.75699846987365
