Desplacment,Force
0.00595451572661796,152.13669414789518
-0.005961520378600744,-152.18761113543985
