Desplacment,Force
0.007635022074095778,157.20840448988957
-0.007631899664727302,-157.19903726178416
