Desplacment,Force
0.004904243623011206,149.01111655330217
-0.0049038144557300425,-149.00944422932855
