Desplacment,Force
0.004654109944574366,403.7140263057113
-0.005699406680559536,-396.50253563289965
