Desplacment,Force
0.004365241245516136,187.64446552020974
-0.004765461667192832,-188.81303837500036
