Desplacment,Force
0.005697232634030015,322.21043842750623
-0.005631621462877354,-321.31569782656175
