Desplacment,Force
0.0070677095658420895,330.97213087833984
-0.0071805417789982465,-331.4802339511501
