Desplacment,Force
0.0045441595652999135,305.8780310672579
-0.004611944739879547,-307.0304187000727
