Desplacment,Force
0.002796008707137832,314.7799046964878
-0.003957298214733434,-332.5301576237996
