Desplacment,Force
0.003996985815926892,351.75002012730226
-0.0040134489340631525,-346.6341967236705
