Desplacment,Force
0.005032457239080433,404.1141552202499
-0.005106753393483855,-407.18894811805603
