Desplacment,Force
0.0032285129334102968,296.0989828054086
-0.0032652280335255463,-300.732201234525
