Desplacment,Force
0.0009776638356240057,120.73550015218503
-0.0017078313595316644,-119.08612189316986
