Desplacment,Force
0.0025652779184509363,154.33245024159265
-0.002460192251380643,-153.96363905071524
