Desplacment,Force
0.0030556262389981087,158.5918579792327
-0.0032006430255992905,-159.2851233697275
