Desplacment,Force
0.004004742645169631,186.06101486323536
-0.004125486285192222,-186.56973714163405
