Desplacment,Force
0.001947309068803427,143.95722815918833
-0.0020349359368533907,-144.74860530405067
