Desplacment,Force
0.00479150335449966,189.01980490785954
-0.004689403180727464,-188.67023331224252
