Desplacment,Force
0.003105705764356451,180.01574100542805
-0.0030356007043517447,-179.0724038640158
