Desplacment,Force
0.006306241797334041,216.7020220473631
-0.00678865631890602,-218.1430750177203
