Desplacment,Force
0.006159126040672228,216.21942994064952
-0.006151453925402799,-216.21455790313095
