Desplacment,Force
0.007801954590341807,221.2130106288319
-0.007828154137247613,-221.29142674074896
