Desplacment,Force
0.00502060411984996,212.50858990747054
-0.0050362611799924725,-212.5391462446717
