Desplacment,Force
0.004157369684733988,310.56539090637995
-0.005091060821166946,-307.57991064138594
