Desplacment,Force
0.004894291785047886,271.4047217170637
-0.005020977678471218,-269.11837357216615
