Desplacment,Force
0.005628367383484765,408.7093072415995
-0.00552908794724285,-404.96809536402816
