Desplacment,Force
0.006985864851968588,437.7881525082422
-0.007111774864976547,-439.3982436784761
