Desplacment,Force
0.004481344870778472,366.0012124049645
-0.004563219080351256,-368.377351377136
