Desplacment,Force
0.0053329446169506495,163.03587420851804
-0.007479374401998306,-169.2842337918209
