Desplacment,Force
0.003871661689990079,158.5099658943034
-0.0037515945204855488,-157.92360952922158
