Desplacment,Force
0.004964931288800023,161.91916530407008
-0.005143220885288631,-162.4596000130081
