Desplacment,Force
0.0031492504384345414,155.45654767780084
-0.0032658333010591226,-156.1276714433579
