Desplacment,Force
0.001152792002084446,106.78825623758385
-0.0018055458226785208,-105.70862174916779
