Desplacment,Force
0.0027309924355649697,120.5264731154065
-0.0026169221083486337,-120.00259558033967
