Desplacment,Force
0.0032729184702725727,122.37376764540555
-0.003425656499794853,-122.84761893722828
