Desplacment,Force
0.003833209403661604,256.79124886351286
-0.003927671972573564,-259.04280814272806
