Desplacment,Force
0.0020729262812143353,117.20348156101743
-0.00216862381791247,-117.58880812019828
