Desplacment,Force
0.004592983375144022,268.34891067626705
-0.004488760687307021,-266.82723063525367
