Desplacment,Force
0.002973786924763274,233.00637533912342
-0.002906137857008711,-228.26971727796337
