Desplacment,Force
0.0069314439684876475,154.12904967041587
-0.007234099115214397,-155.037001361962
