Desplacment,Force
0.005927427020160223,151.1167109929411
-0.00594864982652702,-151.1804095339758
