Desplacment,Force
0.007650079470725272,156.28495851230227
-0.00761389435972128,-156.17640317929028
