Desplacment,Force
0.004907458806050063,148.05264441612692
-0.004888060096430158,-147.99383681786526
