Desplacment,Force
0.004881214872465123,408.9576489476038
-0.00573862087474219,-397.34703044278837
