Desplacment,Force
0.004369746330273078,186.8654807402973
-0.004768929947328807,-188.03246159523627
