Desplacment,Force
0.005696373962204267,321.5947563986335
-0.005630685244069096,-320.7097365803821
