Desplacment,Force
0.007067153577658591,330.2967962019211
-0.007179660353882869,-330.8007040294889
