Desplacment,Force
0.004543713300385771,305.3899933713567
-0.004611341158626886,-306.53494764228947
