Desplacment,Force
0.0028003377376975397,315.09274694942957
-0.003957872219208452,-332.93247949514614
