Desplacment,Force
0.003996288729496082,352.08417856262787
-0.004012765118069742,-346.95963633886106
