Desplacment,Force
0.005032013719442031,404.74212227758835
-0.005106012144523816,-407.8181082383907
