Desplacment,Force
0.003228146379645465,296.2675981255608
-0.003264724661544506,-300.9068779279318
