Desplacment,Force
0.0009779464531729201,120.68753097416858
-0.0017087243191274883,-118.96859204497787
