Desplacment,Force
0.002565210778331426,154.11165984070948
-0.002460071624170551,-153.74195714425375
