Desplacment,Force
0.0030554662653723285,158.3427701630157
-0.0032003557443065988,-159.0327849061664
