Desplacment,Force
0.004004000540532805,185.2818972881822
-0.004124736991864691,-185.78566514728064
