Desplacment,Force
0.0019471677279243845,143.79786641413438
-0.002034755232093923,-144.58050873009037
