Desplacment,Force
0.0047912313556476085,188.22061807285593
-0.004688962003624916,-187.87227496686856
