Desplacment,Force
0.0031054558827588365,179.33018711937962
-0.0030352631554821773,-178.40381485430984
