Desplacment,Force
0.0063079857696987,216.7073118033704
-0.006789365693428255,-218.14469544649293
