Desplacment,Force
0.006158678703405372,216.21763521805974
-0.0061512895734139655,-216.21405621864318
