Desplacment,Force
0.007801988178854896,221.21311150781696
-0.007827730331979931,-221.29015317870255
