Desplacment,Force
0.005020576642340385,212.50849673991516
-0.0050359577651869075,-212.53803424079703
