Desplacment,Force
0.0041618347061978455,310.08082777144074
-0.005095273729242269,-307.13449212968845
