Story,Max Ductility
1,2.9591166029868075
2,3.107102839342839
3,2.853765218775357
4,3.986846556521458
5,1.4045800414686318
