Desplacment,Force
0.003735318710170347,323.47855162757986
-0.004174460651344437,-320.4362339515319
