Desplacment,Force
0.005813069843830361,479.9653669774234
-0.005636027986241009,-470.7213275116107
