Desplacment,Force
0.007033422144089581,535.593507964607
-0.007313096198172997,-539.3301797555949
