Desplacment,Force
0.00453301624693499,406.0522391732004
-0.004706197144050105,-415.86975481526457
