Desplacment,Force
0.0035571116373657114,141.19911840205913
-0.006378570844770721,-149.25467956511596
