Desplacment,Force
0.004251533451386715,143.27387627465242
-0.004057958952395839,-142.6775012636221
