Desplacment,Force
0.005206455988876289,146.15258634939315
-0.005487218538639034,-146.9954450535939
