Desplacment,Force
0.0033311661297022424,140.32204589506784
-0.003506137707534371,-140.92220575994992
