Desplacment,Force
0.0009508393833190915,106.57653798515088
-0.0013441085868947846,-123.74166396864888
