Desplacment,Force
0.0027040451359794998,231.74234749626993
-0.0026264838446946716,-220.71182715127685
