Desplacment,Force
0.003196882774742809,253.79548361779717
-0.003369311834583825,-259.3526019705989
