Desplacment,Force
0.00415310498352742,325.46663746096783
-0.0042294249416768015,-330.42202585645
