Desplacment,Force
0.00205297032558531,185.90643781667325
-0.002139685423073764,-195.4586066664509
