Desplacment,Force
0.0048388515401537125,351.27324218258633
-0.004793574415165971,-347.8775972656182
