Desplacment,Force
0.003142556561216941,277.4677928550051
-0.003108675147279248,-270.88576606668653
