Desplacment,Force
0.005165836235231714,387.2993677347603
-0.005739243027426175,-387.8596549924824
