Desplacment,Force
0.0063083732952594375,403.39410080756693
-0.0062327993300108344,-403.1081317001293
