Desplacment,Force
0.007726292448238796,420.52925691350606
-0.007857940584043741,-421.0627001383467
