Desplacment,Force
0.00498861031765145,374.0702925734814
-0.005070435780538015,-373.4985182797658
