Desplacment,Force
0.00426009269626213,432.2873820968194
-0.0053208234435371,-437.6818993713113
