Desplacment,Force
0.0048967502231349914,271.54494961427355
-0.00502163697075696,-268.9397811286531
