Desplacment,Force
0.005636193748234002,409.4381491787058
-0.0055312954218579066,-405.5372484826648
