Desplacment,Force
0.006993316078006702,438.5482037016503
-0.007127167636957826,-440.2688042241713
