Desplacment,Force
0.00448574094975546,366.49431508554846
-0.004572560218007056,-369.11049405016513
