Desplacment,Force
0.005320090648588933,162.99726981088145
-0.007381944896144802,-169.04585178605137
