Desplacment,Force
0.0038759951779082052,158.52297424038397
-0.003747818657143827,-157.90672252772598
