Desplacment,Force
0.004964841747515567,161.91455171123658
-0.0051448364447474184,-162.46441996037058
