Desplacment,Force
0.0031490517581598816,155.45125049132463
-0.003266713875011895,-156.128530756742
