Desplacment,Force
0.0009792640613964013,115.05027201005241
-0.001626320544063937,-119.22558564402095
