Desplacment,Force
0.002686969039466472,155.8369671380709
-0.002594639750522082,-155.50566212054406
