Desplacment,Force
0.0032397075803740163,159.7234491316517
-0.0033792849006277813,-160.35583242419776
