Desplacment,Force
0.0038606925442919203,257.2644805556293
-0.003934599456562024,-259.12642215801975
