Desplacment,Force
0.002051951288487736,146.7596182291018
-0.0021375724920341182,-147.34585284392605
