Desplacment,Force
0.004602267071599361,268.4713011029808
-0.004516875747895496,-267.1149217934743
