Desplacment,Force
0.002979240913285311,233.24559652782452
-0.002924577639854366,-228.92728617679973
