Desplacment,Force
0.006928864974804351,155.1494769467895
-0.007256766527582365,-156.13316659348538
