Desplacment,Force
0.005944532837333871,152.16734928322725
-0.005959880887636869,-152.24224365635044
