Desplacment,Force
0.007661951041548583,157.3487404714655
-0.007634940335805878,-157.26770835423739
