Desplacment,Force
0.004915332729531729,149.10404746952642
-0.004901664962019836,-149.06245969668186
