Desplacment,Force
0.004923783013672316,410.18102492936725
-0.0057188412694475395,-397.3194938938939
