Desplacment,Force
0.003489539382985694,288.8867327285587
-0.0038691705708456194,-284.56904238408157
