Desplacment,Force
0.005853354207770004,363.44424004709595
-0.005640297972099107,-362.728000904855
