Desplacment,Force
0.007069617150330668,375.9590197185452
-0.0073507495016516475,-377.71515060978953
