Desplacment,Force
0.00455504732478156,338.0336929720428
-0.00473417549083018,-340.083350884053
