Desplacment,Force
0.002667559390330374,220.2957710240478
-0.0049385635180839525,-227.3329461195025
