Desplacment,Force
0.004351136471815635,227.5180743788743
-0.004195757756121543,-226.98759503376283
