Desplacment,Force
0.005274235607290486,232.04750464132027
-0.005508977447273202,-232.9008191032667
