Desplacment,Force
0.003385252196266997,219.33810244467492
-0.0035306872562618527,-219.4084269844193
