Desplacment,Force
0.0010435564059643335,112.43066955622722
-0.0013785117433323664,-131.13434857363504
