Desplacment,Force
0.0025870972918466428,238.98634784000492
-0.0025185022784598382,-227.68172426963403
