Desplacment,Force
0.0030730333731960927,271.8009185314247
-0.0032478272699115475,-280.82875575880627
