Desplacment,Force
0.00420250905216514,296.2107753222147
-0.0042538965543928746,-297.9970208549209
