Desplacment,Force
0.001973527694831262,187.3973046886874
-0.002065478381771669,-195.9950534429439
