Desplacment,Force
0.004853084387298694,310.80673289434236
-0.004825324561509487,-309.65242966562454
