Desplacment,Force
0.0031533053835684673,259.9828316639601
-0.0031322437143437055,-256.0113736398789
