Desplacment,Force
0.00509641161982722,408.6614344226182
-0.005586177666773848,-408.1872521494241
