Desplacment,Force
0.0063370777332316655,431.45941729394565
-0.0062388255168177665,-431.1816394063774
