Desplacment,Force
0.007717145415180548,455.01253077508795
-0.007864057839572334,-455.61714723394806
