Desplacment,Force
0.00498676361044775,393.76052896811984
-0.005080426764140041,-392.9035779623082
