Desplacment,Force
0.00436715177190009,351.94998909851194
-0.005702325853811443,-351.26779791261754
