Desplacment,Force
0.004897687284238522,271.5397029659517
-0.0050242726760796426,-268.9559044954282
