Desplacment,Force
0.005635807029345658,409.42869628907476
-0.005531153102641302,-405.532380030064
