Desplacment,Force
0.0069933139561267925,438.5479774232268
-0.007126969494388988,-440.2664744806479
