Desplacment,Force
0.004485715332667505,366.492263023994
-0.004572389427809332,-369.10366669258195
