Desplacment,Force
0.0053231932925522345,162.75160528893753
-0.0073891885539321715,-168.81189213730437
