Desplacment,Force
0.0038754313622093636,158.26832047034029
-0.003747569296362867,-157.65679183084785
