Desplacment,Force
0.00496464163818492,161.65933492801037
-0.005144644478415999,-162.20901890677388
