Desplacment,Force
0.0031488551099756535,155.21008044343986
-0.0032665143956818487,-155.88327156567263
