Desplacment,Force
0.0009786565435443897,115.07573752128268
-0.0016243271993261312,-119.35268592914248
