Desplacment,Force
0.0026864513133571023,156.27571035504906
-0.0025942989572202784,-155.94683521950728
