Desplacment,Force
0.0032393388353629342,160.21162946511376
-0.0033788247589316006,-160.84929251658002
