Desplacment,Force
0.003860311783820062,257.2573781793152
-0.0039345657114257995,-259.12440843690854
