Desplacment,Force
0.0020516859726885475,147.07743198753107
-0.0021372295428891313,-147.67968955202002
