Desplacment,Force
0.004602224464632239,268.47073552530634
-0.004516635253011425,-267.11214287434336
