Desplacment,Force
0.00297923408727834,233.24366703473353
-0.002924395598086738,-228.9197592975786
