Desplacment,Force
0.006929295925511646,155.15076981193303
-0.0072577655936662796,-156.13616384761536
