Desplacment,Force
0.005944329445004502,152.16830655938128
-0.005959909942988193,-152.24233082347607
