Desplacment,Force
0.0076620091390254275,157.34891476389603
-0.007634832791230974,-157.26738572051266
