Desplacment,Force
0.004915358794839024,149.1041255841292
-0.004901564861106613,-149.06215778773586
