Desplacment,Force
0.004925528554021857,410.23114293309624
-0.00572197759131576,-397.4200115097846
