Desplacment,Force
0.00436480084929457,187.64296739828148
-0.004765052149169783,-188.81153482066597
