Desplacment,Force
0.005696908901090261,321.5680616934376
-0.0056310972229983314,-320.68143322078276
