Desplacment,Force
0.007067609733847586,330.26337757944754
-0.007180415541502666,-330.76839212892213
