Desplacment,Force
0.004544034659234581,305.37044086504574
-0.004611833881433221,-306.51873742594256
