Desplacment,Force
0.00279706773347515,314.88237952863255
-0.003958684229890884,-332.60708803142654
