Desplacment,Force
0.003996981048367533,351.752085119467
-0.00401354363805934,-346.6364618102485
