Desplacment,Force
0.005032703264318665,404.12257885101815
-0.005106876471386699,-407.1944418116819
