Desplacment,Force
0.0032286289931672965,296.10618289826493
-0.0032652745363805974,-300.73648307770156
