Desplacment,Force
0.0009785365642429249,120.77832136867003
-0.0017084522864963536,-119.12471960529788
