Desplacment,Force
0.0025649564006709736,154.32902144932385
-0.0024597455581647724,-153.95839082074994
