Desplacment,Force
0.0030551776165398297,158.58928036421042
-0.003200258207064824,-159.2832103854813
