Desplacment,Force
0.0040043298707129575,186.05920486680455
-0.004125194735792375,-186.56846971107234
