Desplacment,Force
0.0019469865683971344,143.94719636266737
-0.002034669303928864,-144.74252603279427
