Desplacment,Force
0.004791115920026869,189.01852612160712
-0.004688894477124483,-188.6685065150427
