Desplacment,Force
0.003105456039199605,180.013298329376
-0.0030352737609541745,-179.06872103623655
