Desplacment,Force
0.006307156995490852,216.70480479921588
-0.0067892344991213015,-218.14431606003012
