Desplacment,Force
0.006158672580611244,216.21786291863555
-0.006151057974878883,-216.2133439687169
