Desplacment,Force
0.007801524470881192,221.2117187079402
-0.007827589505315513,-221.28973021730476
