Desplacment,Force
0.005020319850082771,212.50760018653986
-0.005035898938218939,-212.5378397607924
