Desplacment,Force
0.004161546206279322,310.0644105789576
-0.005096969541282312,-307.1326200779317
