Desplacment,Force
0.004888038377409854,271.4827296430063
-0.005009272761403676,-269.16934956837366
