Desplacment,Force
0.005630086947321973,408.8693268956897
-0.005529823034002261,-405.1044290571711
