Desplacment,Force
0.006986232257071832,437.9525985343242
-0.007113163446188906,-439.5765141018001
