Desplacment,Force
0.004481675550739113,366.0920072567213
-0.004564251193898395,-368.49650259030534
