Desplacment,Force
0.005316589859039381,163.79114855399493
-0.007448857604906208,-170.00278632360465
