Desplacment,Force
0.003874383764571087,159.31496959034487
-0.0037528230220844863,-158.71339185099936
