Desplacment,Force
0.00496569665641535,162.7249650469035
-0.005144082960539306,-163.26606027438788
