Desplacment,Force
0.0031500785520040264,156.2176914985975
-0.0032666603242624184,-156.90158942253396
