Desplacment,Force
0.0011575643570896962,106.87355082313636
-0.0018053512933204265,-105.73321047680514
