Desplacment,Force
0.0027309580117332284,120.52608025777967
-0.002615821275251925,-119.99891625441487
