Desplacment,Force
0.003272066778243572,122.3711345960241
-0.0034253141799581535,-122.846534158172
