Desplacment,Force
0.0038358558341331397,256.9379112423679
-0.003928872802105537,-259.1524399976149
