Desplacment,Force
0.0020724159900736843,117.20275949089302
-0.0021685354588806783,-117.58742965823454
