Desplacment,Force
0.004593916349119279,268.48105537684216
-0.0044909848225021635,-266.9690071185303
