Desplacment,Force
0.002974444740696787,233.09993409301225
-0.0029076768666754043,-228.3887253210257
