Desplacment,Force
0.006928336247660142,154.45940162140317
-0.007229003557536233,-155.36138894522622
