Desplacment,Force
0.005929470179447376,151.46250494782794
-0.005949137977517016,-151.52153870857873
