Desplacment,Force
0.007650281310939671,156.62524006023017
-0.0076155242744872596,-156.5209689508729
