Desplacment,Force
0.004907668692849679,148.39279368099665
-0.004889258592675964,-148.33694248653833
