Desplacment,Force
0.004875496520967761,408.9041668608046
-0.005726838384543796,-397.08204088189535
