Desplacment,Force
0.0037412414662084154,322.1032059004947
-0.004116341908197635,-318.6023179491763
