Desplacment,Force
0.005815948282651722,480.06697654115334
-0.005624048971999751,-470.3660825182172
