Desplacment,Force
0.007008655454383285,534.7236603130145
-0.0073013910618156255,-538.941440765904
