Desplacment,Force
0.004518556441585768,405.3260340452021
-0.004700831722139549,-415.4941642134634
