Desplacment,Force
0.003542149721547673,157.62353043210354
-0.0061504847110892946,-165.31306211721542
