Desplacment,Force
0.004284631211195705,159.83204439826267
-0.004087674099502117,-159.18832747180116
