Desplacment,Force
0.005225147225973453,162.7069251797898
-0.005508312802800684,-163.55932285518924
