Desplacment,Force
0.0033470526628443277,156.46161613893702
-0.0035237477615363394,-157.1983134070126
