Desplacment,Force
0.0007805990911436571,102.38459442083605
-0.001387929000628055,-105.12620393428686
