Desplacment,Force
0.0027809864710909116,157.88534471196803
-0.002718236942002315,-156.93886646104738
