Desplacment,Force
0.003279719316389911,160.5848237794482
-0.0034653492131323685,-161.43222711098042
