Desplacment,Force
0.004143426116068596,325.1311599861825
-0.004199170829696283,-329.7358741086067
