Desplacment,Force
0.002110394025093395,149.10846922662444
-0.0022051878265971106,-150.7276562408089
