Desplacment,Force
0.004807817277219003,350.71322695291934
-0.004772968337320524,-347.4882462123139
