Desplacment,Force
0.0031223708554419627,276.6094027490865
-0.0030965895506983258,-270.3079800247609
