Desplacment,Force
0.005098543411411842,385.1450667521979
-0.005684292306513902,-386.0766256723771
