Desplacment,Force
0.006292785713947113,402.5546205354231
-0.00621255183127088,-402.2033134593427
