Desplacment,Force
0.007697952143713314,419.5155359549462
-0.007832516271271751,-420.11363726367614
