Desplacment,Force
0.004970940203569075,373.1661425612953
-0.005055346165379806,-372.677603425934
