Desplacment,Force
0.004155473971158158,424.21887027878637
-0.005131907447385938,-427.94761086021776
