Desplacment,Force
0.004202214853277173,342.24597307687463
-0.004398410126264564,-330.5784667583784
