Desplacment,Force
0.00570447298553163,411.2360686170377
-0.005605068075963281,-407.73541898999383
