Desplacment,Force
0.0070557090398717225,439.58005749452064
-0.007199797508002965,-441.18061914004227
