Desplacment,Force
0.004532071987383435,368.4148407027059
-0.004623018421417524,-371.24171519993644
