Desplacment,Force
0.0046173224205569244,160.88660094724207
-0.007204016807348656,-168.6446009365844
