Desplacment,Force
0.0040074224935908835,158.94726923098685
-0.0038467627569596084,-158.35978527466193
