Desplacment,Force
0.005049574118805359,162.17506032718768
-0.005244445836584524,-162.76464323247492
