Desplacment,Force
0.0032137303935026204,155.7607157584098
-0.0033387326030049212,-156.4053238578407
