Desplacment,Force
0.0010773763573028153,120.34960226996245
-0.001676707319421747,-121.00504276311797
