Desplacment,Force
0.0027003538477924807,156.41941153195842
-0.002584190652646289,-156.1446706517101
