Desplacment,Force
0.003230191606706372,160.21802603205006
-0.0034009668758389557,-160.95156474502542
