Desplacment,Force
0.003935382662912675,316.4160947548205
-0.004039832484258599,-323.4461038340072
