Desplacment,Force
0.0020495288353706126,147.70478929953825
-0.0021541643976761,-148.04338424173787
