Desplacment,Force
0.004637182202697103,346.2090194345189
-0.004540983585341167,-340.4663906397945
