Desplacment,Force
0.0030126565884969624,269.9765756635646
-0.0029477943432706408,-261.0195159270352
