Desplacment,Force
0.006746679521247691,154.5433647627949
-0.007151823700645149,-155.75878351763134
