Desplacment,Force
0.005954028794692407,152.13503749274582
-0.005961480375462563,-152.18749100646284
