Desplacment,Force
0.007634816830800749,157.2077887600045
-0.007631418400302144,-157.19759346850867
