Desplacment,Force
0.0049041306494615935,149.01077535469065
-0.004903480515626342,-149.0084377156754
