Desplacment,Force
0.0046545755045612576,403.7464293080465
-0.005704350119312522,-396.6694086719364
