Desplacment,Force
0.0037344944364886123,323.42088750964774
-0.004172206438659165,-320.35677400411095
