Desplacment,Force
0.005813492412112968,479.98238609480325
-0.005636024094750808,-470.7279655269405
