Desplacment,Force
0.00703351384065425,535.5997074529439
-0.007313401901776351,-539.3379911971113
