Desplacment,Force
0.0045330675317951374,406.05890643471906
-0.004706429001664349,-415.8825099750813
