Desplacment,Force
0.0035532661560013904,141.66582330566695
-0.006365082756421421,-149.76729527990236
