Desplacment,Force
0.004251965436236826,143.75316362127407
-0.0040587539058507755,-143.15726253157248
