Desplacment,Force
0.005206678313739022,146.63188123578286
-0.0054870331590437926,-147.47354679995243
