Desplacment,Force
0.0033314010777583227,140.79392394408603
-0.003506112009093681,-141.39571211752477
