Desplacment,Force
0.0009517111803490793,106.65307695772395
-0.0013445525951617545,-123.77949636823027
