Desplacment,Force
0.002703561815599256,231.71593995487092
-0.0026260028853016012,-220.69809198963512
