Desplacment,Force
0.00319628001849262,253.78190818019584
-0.0033689575426550816,-259.33119311339095
