Desplacment,Force
0.004153892037097531,325.4968824057033
-0.004229441701824813,-330.4281412775647
