Desplacment,Force
0.002052609685066571,185.89880394395806
-0.0021395018922476684,-195.43379577517558
