Desplacment,Force
0.004838925851364176,351.2783674569807
-0.004794150804971077,-347.8971431569546
