Desplacment,Force
0.0031426019065606053,277.4735090270273
-0.003109079624093288,-270.90925015144654
