Desplacment,Force
0.005166805885907361,387.14504701928826
-0.005738939663035845,-387.6995483597524
