Desplacment,Force
0.006308769504266338,403.21083991178057
-0.006232725592937127,-402.9180984642485
