Desplacment,Force
0.007726396543134197,420.29678359145305
-0.00785837751700492,-420.8351126393788
