Desplacment,Force
0.004988665282903926,373.93178311369724
-0.00507074522924592,-373.3744960459444
