Desplacment,Force
0.004259662622740696,432.18624354698375
-0.005316355138915323,-437.4893365714807
