Desplacment,Force
0.0043669572232239336,187.64997578453853
-0.004766861296031221,-188.81804280322808
