Desplacment,Force
0.00569720861922058,322.20801546383586
-0.005631771976888746,-321.3164208929172
