Desplacment,Force
0.007067894431286723,330.97265138783126
-0.007180290558475585,-331.47907399310776
