Desplacment,Force
0.004544245293337962,305.87839063700005
-0.004611780076415078,-307.02867607171936
