Desplacment,Force
0.002799648905320215,314.98399894236616
-0.0039551709378041755,-332.7843959765823
