Desplacment,Force
0.003996420052012411,352.0895324915887
-0.004012502592131955,-346.9518686112611
