Desplacment,Force
0.005031605701997014,404.7267342964028
-0.0051059349642934996,-407.81504178758536
