Desplacment,Force
0.003227922200207146,296.254581641549
-0.0032647221465286476,-300.9048773930742
