Desplacment,Force
0.0009793974916681254,120.66163678527474
-0.0017125464128339152,-118.90431759460799
