Desplacment,Force
0.0025659981617652417,153.63091192252642
-0.0024605087636216986,-153.25972852680403
