Desplacment,Force
0.0030561465166294827,157.79691338032478
-0.0032012381969686973,-158.48043922797063
