Desplacment,Force
0.004003897190680373,186.0572426400212
-0.004125037489326265,-186.56783423124827
