Desplacment,Force
0.0019476197752818897,143.47206117358382
-0.0020353618391061473,-144.2307822922339
