Desplacment,Force
0.004791022523789476,189.01820705288011
-0.004688497875719245,-188.66714680201937
