Desplacment,Force
0.0031053984570777356,180.01269187544216
-0.0030350178727224946,-179.06565202631515
