Desplacment,Force
0.006312197300587768,215.9886106200723
-0.0067936590508599504,-217.42629643139546
