Desplacment,Force
0.0061581903465785185,215.4858840407347
-0.006150667161704421,-215.4815452831648
