Desplacment,Force
0.007801926541359892,220.48034808381854
-0.007827649896373093,-220.55734335928193
