Desplacment,Force
0.005020489198491742,211.7882444392159
-0.005035872814061219,-211.81844620777892
