Desplacment,Force
0.004156847509651622,310.54264564886853
-0.005088614649886356,-307.53988801862977
