Desplacment,Force
0.00436653198984472,187.27600329791102
-0.004766616535705374,-188.44469298567856
