Desplacment,Force
0.005696491125852411,321.40437730897844
-0.005630757648804349,-320.5208007502782
