Desplacment,Force
0.007067363059567166,330.08528039517256
-0.007179974978664969,-330.58880902289627
