Desplacment,Force
0.004543851358144425,305.24019778223754
-0.004611535853307433,-306.38591331280946
