Desplacment,Force
0.002798077574151147,314.9757513204239
-0.003960262815931461,-332.6953815498221
