Desplacment,Force
0.003996720159001274,351.73765524701736
-0.004013483928562287,-346.6284173771644
