Desplacment,Force
0.005032671532920296,404.1181708871079
-0.005106638620708807,-407.18393852953216
