Desplacment,Force
0.003228590820884943,296.10121610140897
-0.0032651056732361044,-300.72442658715477
