Desplacment,Force
0.000978443332204916,120.76449695307126
-0.0017081126330571344,-119.09286616049087
