Desplacment,Force
0.0025649207327362758,154.32852885467176
-0.002459723499838087,-153.95777883378315
