Desplacment,Force
0.0030551455583579983,158.58886810642713
-0.003200172462420604,-159.2826922051402
