Desplacment,Force
0.004004047067250835,185.69360992696772
-0.004124901683811954,-186.20045153592426
