Desplacment,Force
0.0019469535674157712,143.94512681637724
-0.002034607143425239,-144.7406431777763
