Desplacment,Force
0.004791046128605703,188.64331035102543
-0.004688763724484926,-188.2939535843245
