Desplacment,Force
0.0031053779187740784,179.6917998675131
-0.0030351633027999683,-178.7555786078277
