Desplacment,Force
0.006307478269126673,216.70578499019825
-0.0067893901890253286,-218.1445111191179
