Desplacment,Force
0.0061584654989150014,216.21709128044645
-0.006150976580258879,-216.21309662382677
