Desplacment,Force
0.007801477672713085,221.21157830991075
-0.007827374154849553,-221.2890831903443
