Desplacment,Force
0.0050202741333193746,212.5074531830474
-0.005035746174797392,-212.5372900908341
