Desplacment,Force
0.004162980213688833,309.94439337013756
-0.005098771051720651,-307.02377011663907
