Desplacment,Force
0.004366668912840532,187.2764679739572
-0.004766744020692904,-188.44515929859773
