Desplacment,Force
0.005696592605186775,321.6046866487552
-0.005630921699603393,-320.7185893640636
