Desplacment,Force
0.007067394389531151,330.3061571502661
-0.007180014577087645,-330.81064068564666
