Desplacment,Force
0.004543890497564027,305.3986157125961
-0.004611570619103546,-306.5456077451883
