Desplacment,Force
0.0027977453202890717,314.9437063119076
-0.003959829632279181,-332.6713459161962
