Desplacment,Force
0.003996721645108068,351.73702224053903
-0.004013454508750858,-346.62771686290176
