Desplacment,Force
0.005032594712305712,404.11554243449115
-0.005106600149621219,-407.1822222011748
