Desplacment,Force
0.0032285546127835928,296.09897099752243
-0.0032650911339757453,-300.72309029977816
