Desplacment,Force
0.0009781694346085354,120.75109685535753
-0.0017079192933256075,-119.08080074715976
