Desplacment,Force
0.002565021119112235,154.3296004079247
-0.0024598632136136668,-153.95941923559963
