Desplacment,Force
0.0030552857782795077,158.58967677094435
-0.003200292624648968,-159.28328979678943
