Desplacment,Force
0.004004175895352102,185.69417206744308
-0.004124992656563192,-186.2008454022002
