Desplacment,Force
0.0019470543894275728,143.94826131247598
-0.0020346904055380003,-144.74254286797478
