Desplacment,Force
0.004791166992358056,188.6437085728826
-0.004688922442902897,-188.29449117489315
