Desplacment,Force
0.0031054558319926102,179.69255623944497
-0.0030352653198661116,-178.75671901445975
