Desplacment,Force
0.006307191925258743,216.70491436282046
-0.006789209639701621,-218.14412342856338
