Desplacment,Force
0.006158607060055483,216.2175805215731
-0.006151100207503714,-216.21347565063473
