Desplacment,Force
0.0078016119064549085,221.21198149900448
-0.007827550413222147,-221.2896127864584
