Desplacment,Force
0.005020362864463317,212.50776212392276
-0.005035859261491726,-212.53769800252107
