Desplacment,Force
0.0041616737037878096,310.1008990946059
-0.005096924694922692,-307.1635212619928
