Desplacment,Force
0.004366097646093411,187.64689728809623
-0.004765976144019104,-188.8148155645913
