Desplacment,Force
0.0056974012347300925,322.2115365584963
-0.005631604350156014,-321.3162541672609
