Desplacment,Force
0.007067622179378925,330.97184034152053
-0.007180567569738245,-331.48029261175077
