Desplacment,Force
0.004544101060084152,305.877917872356
-0.004611979077791981,-307.0301391485244
