Desplacment,Force
0.002798063770825779,314.8701833116012
-0.003954093765451989,-332.7215539973065
