Desplacment,Force
0.003996902051881047,352.11793657158415
-0.004012831322583,-346.97534557552615
