Desplacment,Force
0.005031967666123144,404.7476033717962
-0.005106509608234663,-407.84079150276256
