Desplacment,Force
0.0032281793230364408,296.2753544647247
-0.0032651046111627394,-300.93399149804077
