Desplacment,Force
0.0009782809918234636,120.6328222761657
-0.001710848223838905,-118.89919048424187
