Desplacment,Force
0.002565987777651396,153.76034244443784
-0.0024607774074202984,-153.39078743501733
