Desplacment,Force
0.003056132196109914,157.94265589318778
-0.0032012006688613872,-158.62760165748446
