Desplacment,Force
0.004004558109417511,186.0602411139565
-0.004125407617688896,-186.5694515243964
