Desplacment,Force
0.0019476416282853404,143.5638235290949
-0.0020353473481571327,-144.32762902844803
