Desplacment,Force
0.004791432244924917,189.01958318583783
-0.004689226881021441,-188.66964428414138
