Desplacment,Force
0.0031056584066776445,180.01559426250415
-0.003035487610000716,-179.07123331848652
