Desplacment,Force
0.006306688567905606,216.7033675929122
-0.006788389637747753,-218.14273010398244
