Desplacment,Force
0.006159199778462026,216.2195485952725
-0.00615151809404888,-216.2147482400519
