Desplacment,Force
0.007802129728054198,221.21353616044976
-0.007828270335073535,-221.29177556941713
