Desplacment,Force
0.00502070547989399,212.50890391555254
-0.005036338207705126,-212.53939572156494
