Desplacment,Force
0.004156423739868087,310.5379886220525
-0.005088704618975767,-307.544498428655
