Desplacment,Force
0.004364078581320922,187.61043130823714
-0.004764802683932657,-188.78030327717678
