Desplacment,Force
0.005696565034425435,321.107867670098
-0.005630694483060434,-320.2270916097283
