Desplacment,Force
0.007067484172110245,329.7567297920619
-0.0071802095523310835,-330.2593814612869
