Desplacment,Force
0.004543917782147602,305.0058904114795
-0.004611679345097175,-306.1512477600323
