Desplacment,Force
0.0027971056089634468,314.93066427570096
-0.003961544343261592,-332.5777249276646
