Desplacment,Force
0.00399704617850725,351.5677050471718
-0.00401390202767919,-346.4628132996454
