Desplacment,Force
0.005033113069057856,403.80478565560617
-0.005107102844725887,-406.8671880487767
