Desplacment,Force
0.00322887709761066,296.02080927321595
-0.003265389458506665,-300.63802478236397
