Desplacment,Force
0.0009792313051711792,120.80523029304035
-0.0017086806781866012,-119.14484079704484
