Desplacment,Force
0.002564833972289052,154.32764546091593
-0.0024594844912177727,-153.95545381968347
