Desplacment,Force
0.0030549425512304434,158.58800672110996
-0.0032001118805286806,-159.28247004750096
