Desplacment,Force
0.004003936551741727,186.02789311701
-0.004124945257335756,-186.53753070362342
