Desplacment,Force
0.0019468112421968855,143.94159602538303
-0.0020345555993839907,-144.73984230888362
