Desplacment,Force
0.004790786569582411,188.98694257606428
-0.004688434886818321,-188.63653724908684
