Desplacment,Force
0.003105243789279034,179.98501043834165
-0.0030349744891518702,-179.04013076127512
