Desplacment,Force
0.006307403436334344,216.7055668160316
-0.006789453312349081,-218.1445204306009
