Desplacment,Force
0.0061582125985199365,216.21633234149354
-0.006150652926068217,-216.21210235681517
