Desplacment,Force
0.007801019276720224,221.21020143920262
-0.00782699258338441,-221.2879367690309
