Desplacment,Force
0.005019995192428082,212.5064778705296
-0.005035515917956085,-212.53646635362597
