Desplacment,Force
0.004164551333016781,309.71394348995926
-0.005102211163965779,-306.8236360571813
