Desplacment,Force
0.0035276732499596687,340.78078196916385
-0.0037946644020202753,-331.11952128406193
