Desplacment,Force
0.005846546228412829,353.8795307140922
-0.005652449731607666,-352.8866576621246
