Desplacment,Force
0.007106939391566733,365.13169682285627
-0.0073554834421109445,-366.57884136595953
