Desplacment,Force
0.00457361467817271,331.1961643432606
-0.00473309094032968,-332.9788531582436
