Desplacment,Force
0.0028855283916628238,222.1937818878147
-0.005028792132906171,-228.47802270143836
