Desplacment,Force
0.004286080104893959,227.56225100636712
-0.004131246505201969,-226.966488771884
