Desplacment,Force
0.005215849074996758,232.36785494163837
-0.0054391724671252984,-233.1891827127033
