Desplacment,Force
0.003343240255625453,218.95441117398002
-0.003483199694111268,-219.16229734995832
