Desplacment,Force
0.0011054586400389363,120.13282907015697
-0.0014410738588588627,-136.8113309478421
