Desplacment,Force
0.0025718357223281745,236.1508379084112
-0.002475739592287623,-225.90124624922208
