Desplacment,Force
0.003040563972827236,270.53405724837324
-0.0032324184513032295,-278.44582297007554
