Desplacment,Force
0.004148452529013397,355.86883542705715
-0.004208634928860174,-363.6437634965556
