Desplacment,Force
0.0019419802703303313,186.20084259220533
-0.0020538484984427,-194.97571361810805
