Desplacment,Force
0.004781868870661376,394.63848190624014
-0.0047452373753720505,-387.6974852917109
