Desplacment,Force
0.003110730421032046,291.21397820359715
-0.0030839939483518473,-284.127695822432
