Desplacment,Force
0.005662625479768141,312.6434648247846
-0.006074682309589811,-313.3833631901952
