Desplacment,Force
0.006239729024129611,315.3212559604688
-0.0061558557407779746,-314.98270855515165
