Desplacment,Force
0.007695416559624722,321.85722749473246
-0.007814223864933927,-322.22831607204574
