Desplacment,Force
0.004965443743844668,304.43286933922457
-0.005042334311760424,-304.65590671803534
