Desplacment,Force
0.00446410402877669,344.51515474258207
-0.005723543181352232,-343.3695387998857
