Desplacment,Force
0.00436577571726269,187.64605930238199
-0.004765549281083105,-188.81338339901694
