Desplacment,Force
0.005697312098362594,322.2110103315067
-0.005631629100149768,-321.31627809662
