Desplacment,Force
0.007067742839587703,330.97232695233487
-0.0071806197060164485,-331.48054609851334
