Desplacment,Force
0.0045441730061908225,305.8788551813106
-0.004611994968244036,-307.03112201715294
