Desplacment,Force
0.002796766527083758,314.80902491042315
-0.003955616652905035,-332.6156117551829
