Desplacment,Force
0.00399690073598353,351.92603219395596
-0.004013163787090739,-346.8004594906276
