Desplacment,Force
0.005032226816286243,404.4224737131045
-0.005106601063060236,-407.5039583460097
