Desplacment,Force
0.0032283498880394945,296.184609259074
-0.0032651364220238487,-300.8278853832753
