Desplacment,Force
0.000977577772980183,120.73726768252973
-0.001707998051574038,-119.09010817885337
