Desplacment,Force
0.0025651782975731605,154.33144470016026
-0.002460142229697689,-153.9629036865797
