Desplacment,Force
0.003055549750756707,158.59132983578394
-0.0032005202688372425,-159.28451814597693
