Desplacment,Force
0.004004822156307757,186.06133104810584
-0.004125507525507986,-186.56986612239112
