Desplacment,Force
0.0019472592335276595,143.95574258507193
-0.002034862416155982,-144.74697811410275
