Desplacment,Force
0.004791554794251295,189.0199808149658
-0.004689494097163995,-188.67053314307609
