Desplacment,Force
0.0031057362479382216,180.0161834465793
-0.0030356607880882296,-179.0729641986981
