Desplacment,Force
0.0063066427102154,216.70322913842767
-0.006788843109516663,-218.14371792514254
