Desplacment,Force
0.006159247678772616,216.21978948971548
-0.006151570730468207,-216.21491596290494
