Desplacment,Force
0.007802147244869204,221.21358916144374
-0.007828331867870943,-221.29196066751345
