Desplacment,Force
0.0050207214102191595,212.50899147405718
-0.005036374126905531,-212.53954585827023
