Desplacment,Force
0.004157399917174861,310.55745170621384
-0.0050901319657509145,-307.5688269352685
