Desplacment,Force
0.004363915131834921,188.04532190522696
-0.004763439821543957,-189.2111939516141
