Desplacment,Force
0.005697454615179804,321.6047988372255
-0.0056313661711324455,-320.71665934343736
