Desplacment,Force
0.007067924778821319,330.3004085656003
-0.007181026741682492,-330.80659768596814
