Desplacment,Force
0.004544234227997099,305.4011066144987
-0.004612236588472797,-306.55105476590705
