Desplacment,Force
0.002797764800720165,314.8632260352109
-0.003953825921849925,-332.7038871937635
