Desplacment,Force
0.0039970894965702785,352.1301476591995
-0.00401304315942117,-346.9874665755209
