Desplacment,Force
0.005032318853004824,404.7633517410428
-0.0051068499144254495,-407.85502882569546
