Desplacment,Force
0.0032283611228953596,296.289145294917
-0.0032652806018270276,-300.947232341526
