Desplacment,Force
0.0009786593748088276,120.80656411353024
-0.0017092996742590198,-119.17591803935454
