Desplacment,Force
0.0025647196636334833,154.32673331998518
-0.0024598149853325172,-153.95638299013768
