Desplacment,Force
0.0030549551341598528,158.58809823489463
-0.0032000141113766828,-159.2821070012025
