Desplacment,Force
0.0040047100170896585,186.4573123361646
-0.004125491650004286,-186.96898135556788
