Desplacment,Force
0.001946848020815719,143.9441742541102
-0.0020345269052725085,-144.73988462512938
