Desplacment,Force
0.004791211192681622,189.42708320286215
-0.004689110991022206,-189.07648438429453
