Desplacment,Force
0.0031055479662661853,180.36312073514569
-0.003035445109351575,-179.4093510850038
