Desplacment,Force
0.006307836097683552,216.70684150383042
-0.006789575711500438,-218.14569498936643
