Desplacment,Force
0.0061590470656282936,216.2190921864685
-0.006151298724115364,-216.21407957615313
