Desplacment,Force
0.007801875905371113,221.21277383797033
-0.007828063370656443,-221.29115379981766
