Desplacment,Force
0.005020547566536908,212.50836579079626
-0.005036216645950852,-212.5389682265647
