Desplacment,Force
0.004160977599488772,310.0674863148808
-0.005094414385693837,-307.1290229585892
