Desplacment,Force
0.0034589573380337554,333.35136528230754
-0.003898145166000134,-337.6094553677165
