Desplacment,Force
0.005881255933565806,458.937396396063
-0.00574010023904025,-452.65567172616494
