Desplacment,Force
0.00712268318880448,501.74044113009927
-0.007368881094208425,-503.4715840103308
