Desplacment,Force
0.004595592325797312,396.9799279794158
-0.004744949075459509,-403.80798647062954
