Desplacment,Force
0.0024818479318252915,256.53086605788087
-0.00395370492299968,-275.07226465571586
