Desplacment,Force
0.004303389663206706,296.7879080915783
-0.004213503232763104,-296.6518498146869
