Desplacment,Force
0.005220130949786628,313.4992518224088
-0.005433421914401478,-313.7729158671788
