Desplacment,Force
0.003363021645564453,269.2632241696254
-0.003487263296647238,-271.4986082988591
