Desplacment,Force
0.0008809310133711987,109.1907237479266
-0.0016216924200194523,-103.79209325065555
