Desplacment,Force
0.002740514940063767,133.0591076635461
-0.002667672361253899,-132.66185698122186
