Desplacment,Force
0.003212232806102041,134.97515406062317
-0.003402655126949629,-135.63454310882386
