Desplacment,Force
0.004209764416142049,366.320170794594
-0.004275457509612377,-375.16961681095717
