Desplacment,Force
0.00206880434327622,128.85319651376284
-0.0021716750483605036,-129.3329078958955
