Desplacment,Force
0.0048601299227543065,408.0061037740986
-0.004822617433905435,-400.4695722529865
