Desplacment,Force
0.0031620089000688693,298.2389642170539
-0.0031334916822740406,-291.019089758472
