Desplacment,Force
0.005330829352590877,333.9963155717454
-0.005924363399722859,-334.56989072602215
