Desplacment,Force
0.006342239772929404,339.96561524207857
-0.006260375440235454,-339.5396318946505
