Desplacment,Force
0.00778406656877938,347.83256506313853
-0.007927044994460222,-348.3438337713863
