Desplacment,Force
0.005028336646699248,325.39902241992587
-0.005116277429199708,-325.8527279506438
