Desplacment,Force
0.0037424740717544266,381.49533233095354
-0.004607603419665058,-382.9920032681874
