Story,Max Ductility
1,3.1967844785381723
2,3.118628818771257
3,3.66438479106849
4,5.664349859685297
5,1.5890051475500557
