Desplacment,Force
0.0034833727664905045,289.22481116954185
-0.0038659384465576023,-284.9355364229993
