Desplacment,Force
0.005854275563870166,363.45742070830454
-0.005641709698205482,-362.74364127516856
