Desplacment,Force
0.007070694529286607,375.9661093758577
-0.00735176274129596,-377.7212073009624
