Desplacment,Force
0.0045558636091760025,338.06243869763415
-0.004734868978715137,-340.10209662116984
