Desplacment,Force
0.0026539237965213106,220.65957661060278
-0.0049301148819395485,-227.76358169722744
