Desplacment,Force
0.004352507347754616,228.03414146565945
-0.0041982530167249035,-227.51035151663555
