Desplacment,Force
0.005275639439514455,232.59382518655065
-0.005510103137935249,-233.44829663663515
