Desplacment,Force
0.003386379682216864,219.78608003268138
-0.003531490167352646,-219.84955693310758
