Desplacment,Force
0.0010436957218218016,112.4496989921916
-0.0013787937718317631,-131.15774390369924
