Desplacment,Force
0.0025873923498458433,239.00632653946369
-0.0025185811449632413,-227.68705921142518
