Desplacment,Force
0.0030731399772068687,271.80259318337164
-0.0032481478908907334,-280.8430850649969
