Desplacment,Force
0.004203356021001719,296.79779846912413
-0.004255073110360696,-298.6140129525692
