Desplacment,Force
0.0019735965171921396,187.4047376174823
-0.0020657240970779725,-196.01239271488026
