Desplacment,Force
0.004853794080513858,311.5272492637051
-0.004826008412573265,-310.3554518463682
