Desplacment,Force
0.0031538431023229773,260.3485424836558
-0.003132722506353034,-256.3464653426933
