Desplacment,Force
0.005092608135217137,409.0740916627362
-0.005583993252603465,-408.6452344476145
