Desplacment,Force
0.006337930502428312,432.1473201975598
-0.006239497260408744,-431.87042648655955
