Desplacment,Force
0.007717385069004222,455.87862236496903
-0.007864777534813908,-456.48679199228036
