Desplacment,Force
0.004987022964691249,394.22920244906516
-0.005080945032748243,-393.3699295427589
