Desplacment,Force
0.004361307898215039,351.84966196496833
-0.00569944661923296,-351.19975439323457
