Desplacment,Force
0.004365830349653246,187.64600027747835
-0.004765378285932784,-188.81272050975386
