Desplacment,Force
0.005697091055888194,321.6013909082802
-0.005631127320220916,-320.7141593849156
