Desplacment,Force
0.007067624245044588,330.2990119524922
-0.0071805314733736966,-330.8044617881486
