Desplacment,Force
0.004544036062113668,305.39689547476036
-0.004611916844634734,-306.54518321170957
