Desplacment,Force
0.002798760677040342,314.94855727247
-0.003955252671845595,-332.7849715340073
