Desplacment,Force
0.003996841460388891,352.1161274912922
-0.004012940784663584,-346.9778919047221
