Desplacment,Force
0.005032211155658575,404.75601735722597
-0.005106583723488131,-407.8435481184022
