Desplacment,Force
0.0032282885822994484,296.28194914741374
-0.0032651087152454224,-300.93487219753024
