Desplacment,Force
0.000978613722348252,120.73965862165873
-0.001709778003802277,-119.05699957381202
