Desplacment,Force
0.0025651146870121636,154.11087571079042
-0.002459988603684267,-153.7404602252258
