Desplacment,Force
0.0030552950684109167,158.34226641698208
-0.0032003325699043366,-159.03286308092763
