Desplacment,Force
0.004004382264363574,186.0594064998988
-0.004125206415945995,-186.56858899198826
