Desplacment,Force
0.0019470657680692497,143.7969120977026
-0.0020347450376942858,-144.58126035855483
