Desplacment,Force
0.004791173821172041,189.01873004647098
-0.004688969257300998,-188.6687527232464
