Desplacment,Force
0.0031054893704823487,180.01392954509436
-0.0030353240275621703,-179.06917767879096
