Desplacment,Force
0.006307791294635951,216.706713330104
-0.00678934279748163,-218.14494359370713
