Desplacment,Force
0.006158878503139328,216.2184454390437
-0.006151251338638438,-216.21393431693585
