Desplacment,Force
0.00780185835987717,221.21272122513201
-0.007827888660052766,-221.2906288415988
