Desplacment,Force
0.00502052226790398,212.50828155079938
-0.005036090441383671,-212.53850990511495
