Desplacment,Force
0.004161012745454434,310.06921343045417
-0.005094589983426199,-307.1276868703919
