Desplacment,Force
0.004868037926790028,314.1423965993418
-0.0049306815996199935,-305.34191179899403
