Desplacment,Force
0.005368027366293924,180.65131875331156
-0.005165274333984618,-180.0360453138878
