Desplacment,Force
0.006889133712015903,185.23326123116786
-0.007048162308853299,-185.71051792332122
