Desplacment,Force
0.004379380545964633,177.53135474052854
-0.00449486807935189,-177.90640011288633
