Desplacment,Force
0.006609695180730729,185.45178481976097
-0.008660706283747613,-191.65696936013754
