Desplacment,Force
0.0037960975798046826,176.57291728209572
-0.003802525473557371,-176.15107997880958
