Desplacment,Force
0.00506441527171849,180.79476139977834
-0.005206258001631813,-181.26525094709314
