Desplacment,Force
0.0031807157908552326,172.9442930689707
-0.003277532004960783,-173.73875865767366
