Desplacment,Force
0.0014567443182722352,147.22926599409058
-0.001638620442477747,-155.41236444472648
