Desplacment,Force
0.002473938205665878,228.62251444791016
-0.0023417374839535747,-217.12698708373193
