Desplacment,Force
0.002942341936601001,263.5469029065291
-0.0031337065779083306,-272.47490156531074
