Desplacment,Force
0.0037949075431799382,285.4248491801337
-0.0038426622103139136,-288.50550270400686
