Desplacment,Force
0.0018395760124778613,177.85523042059796
-0.001966143652471919,-187.49928196293877
