Desplacment,Force
0.004490356934266825,305.69485670111777
-0.004407150937312294,-302.43587531075576
