Desplacment,Force
0.0029053838019533714,249.03951751994435
-0.0028541537260506882,-242.33252006884774
