Desplacment,Force
0.00715904647721494,223.85315922689955
-0.007226173378213912,-224.0527515929984
