Desplacment,Force
0.005869343116540613,219.90194463727445
-0.005862076614085524,-219.8909684732108
