Desplacment,Force
0.007524419595053591,224.96647513144845
-0.007489606544061843,-224.86072322290005
