Desplacment,Force
0.004824902061932119,216.28311815520357
-0.004811549088387146,-216.16355985106466
