Desplacment,Force
0.007688395776621735,187.63175840389576
-0.00884681320589898,-191.1067056844679
