Desplacment,Force
0.004565647587147908,118.09034367353662
-0.005008780129398653,-119.42215240234448
