Desplacment,Force
0.005683942326620279,322.16513820826594
-0.00559110807119057,-320.9534859542277
