Desplacment,Force
0.007009421035065326,330.71232433960535
-0.007161193855291577,-331.34042490646544
