Desplacment,Force
0.004510792125454429,305.23773635881327
-0.004602788679445098,-306.7365677608355
