Desplacment,Force
0.0027312103084168615,313.7337267596456
-0.004083697441948194,-339.69051070723566
