Desplacment,Force
0.004061656242000843,356.20259357158795
-0.004068176669451727,-350.32744461935727
