Desplacment,Force
0.005101754908298354,408.01867737774023
-0.005196842466899449,-411.6719091662611
