Desplacment,Force
0.0032754029655599226,299.84710756491774
-0.003323995836260012,-305.1835793466132
