Desplacment,Force
0.0007619226143948739,105.54577808640585
-0.0014673880326608576,-99.87884230341544
