Desplacment,Force
0.002606985598372157,154.88097400262248
-0.0025109398277456296,-154.55412512150326
