Desplacment,Force
0.0030819752801995084,158.79100461510552
-0.003240155650631961,-159.51170084708806
