Desplacment,Force
0.0040488393530956936,116.54070466691175
-0.004122088332412937,-116.76075991587872
