Desplacment,Force
0.0019670324945599647,144.8269466970721
-0.0020616409131193557,-145.53994426748383
