Desplacment,Force
0.004838337363097594,118.91089177321518
-0.004777175997102881,-118.71175130352711
