Desplacment,Force
0.0031285559158626924,113.74049951766145
-0.0030860026562409466,-113.59184844776452
