Desplacment,Force
0.005562845850164234,340.1788519955331
-0.006104498292308468,-341.1037054375392
