Desplacment,Force
0.006274277499174877,344.5995912664626
-0.006258311969658966,-344.71120708954504
