Desplacment,Force
0.007823248262144714,353.62363899723584
-0.007885961818688876,-353.75165444737235
