Desplacment,Force
0.005043998805348436,330.0064615527981
-0.005080345474806847,-329.3998392760329
