Desplacment,Force
0.004172534464136049,311.0615430544918
-0.005242485617917449,-309.7840735837884
