Desplacment,Force
0.0048967318800459845,271.5477373872508
-0.005021915133987944,-268.93821081665277
