Desplacment,Force
0.005636259385532597,409.4398853220243
-0.005531333770247422,-405.5380742347873
