Desplacment,Force
0.006993471130207917,438.54989233090737
-0.007127314100882287,-440.2707512002152
