Desplacment,Force
0.004485826547194983,366.4973439617638
-0.004572645535680739,-369.1140354708807
