Desplacment,Force
0.005320008460739017,162.9970232012686
-0.007381175717841694,-169.0439116609171
