Desplacment,Force
0.003875954216433896,158.52278829869175
-0.003747713604523451,-157.90629360585126
