Desplacment,Force
0.004964788475330698,161.9143469303391
-0.005144761940904909,-162.46419476180824
