Desplacment,Force
0.0031490042306446865,155.45093884396624
-0.003266658924207377,-156.1282605906791
