Desplacment,Force
0.0009793534112074326,115.11997757459484
-0.00162477947343098,-119.37243501297012
