Desplacment,Force
0.0026863620317810243,156.27448568787943
-0.002594116992505875,-155.94582562454153
