Desplacment,Force
0.003239168234551537,160.21074308196617
-0.003378667607056877,-160.84851844186738
