Desplacment,Force
0.0038609362430739097,257.2679605630631
-0.0039347174264286675,-259.1281307427161
