Desplacment,Force
0.002051588066560308,147.07557320078823
-0.0021371556536390565,-147.6776260251515
