Desplacment,Force
0.004602412917561698,268.4725349565536
-0.004517112295996367,-267.1170981378643
