Desplacment,Force
0.0029793246366801706,233.24812146080134
-0.002924734791033231,-228.93239747000158
