Desplacment,Force
0.006929633491422124,155.09223360165095
-0.007257458103422133,-156.07569257123234
