Desplacment,Force
0.0059445980996278595,152.10801911161636
-0.0059599421809762585,-152.1828807036972
