Desplacment,Force
0.0076621102514370645,157.28966902191343
-0.007635106386230015,-157.2086574262923
