Desplacment,Force
0.004915426662813274,149.04481095470177
-0.004901763488047309,-149.00324062348102
