Desplacment,Force
0.0049246430664728275,410.19995476543085
-0.005719070696808315,-397.32630855244696
