Desplacment,Force
0.004711830886053758,118.53138134660405
-0.005132767932412123,-119.79418192231273
