Desplacment,Force
0.005708224648448739,462.0247389754868
-0.005628684895893849,-458.163234800262
