Desplacment,Force
0.007002913171720806,511.1958356949518
-0.007166117299911829,-514.2215184925382
