Desplacment,Force
0.004511925136178542,397.9203262407657
-0.004608193690981553,-402.00687650700655
