Desplacment,Force
0.0027169621215418333,303.3943015834758
-0.00381840885641778,-331.4955852001104
