Desplacment,Force
0.004063039933965252,362.99072216258764
-0.004034301618188546,-355.77063621386003
