Desplacment,Force
0.005053064804967608,418.2878012655464
-0.005176326546732191,-423.44873309575917
