Desplacment,Force
0.0032478543021502875,301.495310084124
-0.003315407713743794,-308.35378599742927
