Desplacment,Force
0.0007294145546049834,100.71597632913307
-0.0013699172243162665,-94.88267408568021
