Desplacment,Force
0.0026534668086355207,155.61425880156403
-0.0025557213703570705,-155.2160422568349
