Desplacment,Force
0.0031407239870815487,159.17509096734042
-0.0032976282968443602,-159.78053799188788
