Desplacment,Force
0.004141257801761242,116.81839847356082
-0.004185628585766151,-116.95163702874616
