Desplacment,Force
0.002007300241757855,146.20634303482615
-0.0021012204653171945,-146.9225110824832
