Desplacment,Force
0.0049250701907402805,119.1711199421595
-0.0048897471062924955,-119.0524275589188
