Desplacment,Force
0.003183211416226412,113.91040312809224
-0.0031575160013211784,-113.82568913957124
