Desplacment,Force
0.005481976040310259,340.41240785781247
-0.006039649556612774,-340.96569223724515
