Desplacment,Force
0.006373674984094027,345.8725768996478
-0.006335143095846086,-345.7574013771449
