Desplacment,Force
0.00791347500661641,354.50520429745416
-0.008002825521701434,-354.8074664382576
