Desplacment,Force
0.0051018012244704045,331.17989108536466
-0.0051548160319064605,-331.09617473270856
