Desplacment,Force
0.0037479812597682907,384.598559685239
-0.004471787639480431,-380.7477196534033
