Desplacment,Force
0.004511233347265585,188.12116434119443
-0.004882182894178031,-189.2233385450946
