Desplacment,Force
0.0057181646058120485,462.1470129726931
-0.005656551713617929,-459.488325704539
