Desplacment,Force
0.0070536527588606,512.5807950058316
-0.0071863419061134895,-514.6076953799588
