Desplacment,Force
0.004539506169202966,399.7380479242258
-0.004617676405885259,-402.48995207479237
