Desplacment,Force
0.002797366367853611,305.952668822086
-0.0036986797620346314,-324.1651257980867
