Desplacment,Force
0.0039944707408056486,358.37467719604314
-0.003974182600649431,-351.955450406853
