Desplacment,Force
0.004982600933869619,414.64357441577954
-0.0050840552446040875,-418.8519996441649
