Desplacment,Force
0.0031997973499356173,297.7699089351824
-0.003255651032699067,-303.6782748035446
