Desplacment,Force
0.0009590176282304411,116.05978051037393
-0.0015635255146053161,-113.34975289842136
