Desplacment,Force
0.0026134910648097165,154.81852262929087
-0.002508618395069344,-154.7214867899911
