Desplacment,Force
0.003110987533687962,158.96179287704805
-0.0032588613834622915,-159.56875280962402
