Desplacment,Force
0.004095464301031121,186.4432749773154
-0.004187871634785195,-186.82008799074114
