Desplacment,Force
0.0019853926496808927,145.4202575589407
-0.0020750715698479136,-145.73420840292368
