Desplacment,Force
0.004877281969050452,189.29944586363175
-0.004803943976634119,-189.0523347653309
