Desplacment,Force
0.0031596454978856134,180.51577194646975
-0.0031085739764793777,-179.8327924262467
