Desplacment,Force
0.006219872310349427,217.30099402268664
-0.006718381244338315,-218.79499019110082
