Desplacment,Force
0.006256175063455506,217.3982682823379
-0.00622493771529758,-217.3035750487678
