Desplacment,Force
0.007888168380403052,222.33811280179737
-0.007945479626862225,-222.47020478956128
