Desplacment,Force
0.005075669759060206,213.55022266834905
-0.005110913240752762,-213.6307510271877
