Desplacment,Force
0.0037822048609332825,384.07581781247757
-0.004417871650522921,-374.43665676499575
