Story,Max Ductility
1,5.339309430512462
2,5.245642524713719
3,2.6391803770251467
4,1.5833959827767232
5,1.699110543759609
