Desplacment,Force
0.003486946234197538,288.81683633889935
-0.0038688349314019476,-284.5476811368213
