Desplacment,Force
0.005853608508702819,363.4481639661677
-0.005641206271698798,-362.73017178411936
