Desplacment,Force
0.007070217503796416,375.9626889692546
-0.0073509532780001875,-377.7163644047148
