Desplacment,Force
0.004555510347180851,338.0370706369135
-0.0047343175538117855,-340.0875186386801
