Desplacment,Force
0.0026577928124494523,220.6949575155769
-0.004930402849345773,-227.76661998000745
