Desplacment,Force
0.0043512331809963676,228.02636405529952
-0.004197078034386986,-227.5021198688907
