Desplacment,Force
0.0052746386379182745,232.58946045026883
-0.005508811104714204,-233.44370825477375
