Desplacment,Force
0.003385672679165767,219.77069751666681
-0.0035306262833049314,-219.83820969845493
