Desplacment,Force
0.001043304772311493,112.43986355998722
-0.001378761574908563,-131.12708262426298
