Desplacment,Force
0.0025870466543157903,238.88494815889737
-0.0025184820119569374,-227.58997900542514
