Desplacment,Force
0.0030729704002557586,271.6160181934154
-0.003247737239389863,-280.62974603545086
