Desplacment,Force
0.004202877807434634,296.2213236165989
-0.004254543095988896,-298.0113791832891
