Desplacment,Force
0.0019734938949926874,187.354547562718
-0.002065445043982715,-195.94040998737015
