Desplacment,Force
0.004853605924425669,310.81411290872063
-0.004825720107147349,-309.65917481465027
