Desplacment,Force
0.003153674138397926,259.99912665250696
-0.003132506174091339,-256.0254442555286
