Desplacment,Force
0.005095184543648503,408.62766378172256
-0.005586244314045203,-408.18040938177563
