Desplacment,Force
0.00633746263340284,431.4683283140677
-0.006239283583637676,-431.1903038493055
