Desplacment,Force
0.0077175631492288075,455.0171464183007
-0.007864554802785235,-455.6223237226947
