Desplacment,Force
0.004987074472412529,393.7710600938019
-0.00508075117176515,-392.91630636573063
