Desplacment,Force
0.0043620221393658185,351.86484506369317
-0.005698436369653467,-351.18163593144595
