Desplacment,Force
0.00420409139480665,341.86649451046384
-0.004398235760731622,-330.21557474365324
