Desplacment,Force
0.005704821545287666,411.24394867996244
-0.005604899067547179,-407.74503908785573
