Desplacment,Force
0.007055544612270818,439.580994852754
-0.00719997705917474,-441.1827956498918
