Desplacment,Force
0.004531953092816059,368.4113709109816
-0.0046231671737310435,-371.2473980233448
