Desplacment,Force
0.004614512067605232,161.29879596234107
-0.00719169511170911,-169.0281088035544
