Desplacment,Force
0.00400769997179944,159.36544571139174
-0.003846765898957732,-158.77426665039252
