Desplacment,Force
0.0050493093984221755,162.59462531862323
-0.005244108606209496,-163.18416911015848
