Desplacment,Force
0.003213588511217262,156.1587493796851
-0.003338579481173515,-156.80970342699595
