Desplacment,Force
0.0010780002803713162,120.37517762690491
-0.0016769473145525312,-121.0289428953609
