Desplacment,Force
0.002700121246199537,156.41664925365953
-0.0025839054734647384,-156.1412983573443
