Desplacment,Force
0.0032299218337205468,160.2159751966989
-0.003400595397801304,-160.94979108222287
