Desplacment,Force
0.0039359481308325,316.1446136116798
-0.004039687580236611,-323.1066911192635
