Desplacment,Force
0.0020493571781158596,147.69855025603965
-0.002153958438370041,-148.0382647832554
