Desplacment,Force
0.0046373500550979975,345.7747521574539
-0.004541658822918102,-340.08906435174316
