Desplacment,Force
0.0030127275420851743,269.81412571421214
-0.0029482294508538145,-260.89976343973683
