Desplacment,Force
0.006747539030769245,154.54594332383664
-0.007151374485928496,-155.75743584956743
