Desplacment,Force
0.005954605099123276,152.1369821531857
-0.00596158282468155,-152.18779852610595
