Desplacment,Force
0.007635102872976022,157.20864688653032
-0.007632016089705262,-157.19938653671804
