Desplacment,Force
0.004904295330748192,149.0112723200171
-0.004903888919674245,-149.0096686088418
