Desplacment,Force
0.004654416336616935,403.7206909643964
-0.005699429975269591,-396.502681092901
