Story,Max Ductility
1,3.184597273628024
2,3.081492702914798
3,3.6166311082996794
4,5.636848352427918
5,1.568646611007387
