Desplacment,Force
0.0034832427093313416,288.7109769319236
-0.003867667405859094,-284.49810697359794
