Desplacment,Force
0.005854269321031385,363.6239330420038
-0.005642163495779212,-362.90972964327483
