Desplacment,Force
0.007070771536396011,376.16080928695925
-0.007351585123715213,-377.9176977074539
