Desplacment,Force
0.004555980896480349,338.1738663288424
-0.004734773256884037,-340.2225858911774
