Desplacment,Force
0.0026479354130515974,220.93329353560654
-0.004924078411393517,-228.05200372689728
