Desplacment,Force
0.004352456599525509,228.37613744445258
-0.004199046165275757,-227.85693763495593
