Desplacment,Force
0.005275850144535745,232.9591411252869
-0.005509878451307872,-233.81417490066917
