Desplacment,Force
0.0033866254742131925,220.07668989209563
-0.0035313791895601773,-220.1381070529919
