Desplacment,Force
0.001043233869303525,112.42864488964445
-0.0013787343549849247,-131.11968881866548
