Desplacment,Force
0.0025874698564397544,238.90812259806006
-0.002518713703811414,-227.60242668976787
