Desplacment,Force
0.0030732491835418173,271.61321390555224
-0.0032481828774824965,-280.6372403774318
