Desplacment,Force
0.004203682682889176,296.24318363201115
-0.004255456290913635,-298.0325743604813
