Desplacment,Force
0.001973675513318877,187.36995752322377
-0.0020657676460883296,-195.95905594084172
