Desplacment,Force
0.004854422022551989,310.8262215377743
-0.004826629653823012,-309.67443053102556
