Desplacment,Force
0.003154226164918042,260.0241633030897
-0.003133092412624659,-256.0550678547821
