Desplacment,Force
0.005090418811429092,409.3103839166972
-0.005582726860138146,-408.90312675135254
