Desplacment,Force
0.006338483288490377,432.53707904779276
-0.006240103362421633,-432.26338198183083
