Desplacment,Force
0.007717882202652254,456.3721601978937
-0.007865342022150954,-456.9799039140168
