Desplacment,Force
0.004987373837585503,394.5013432522303
-0.005081311684171063,-393.635668946825
