Desplacment,Force
0.004357184412983847,351.9316674810039
-0.0056952344236620295,-351.2543229979493
