Story,Max Ductility
1,3.1882869506221985
2,3.1065872350558155
3,3.618999042162878
4,5.644716074116691
5,1.5725433542549665
