Story,Max Ductility
1,3.214515063107134
2,3.119006997564262
3,3.6441272131675686
4,5.663166529889961
5,1.5849838895912998
