Desplacment,Force
0.004892951874299537,271.39602925023917
-0.005018383463697475,-269.11431764625263
