Desplacment,Force
0.00562852986175199,408.830447991319
-0.005529137306718882,-405.0842828787635
