Desplacment,Force
0.006985646778419431,437.9455224891681
-0.007111930847811879,-439.5610388227079
