Desplacment,Force
0.004481253126733328,366.07356930138474
-0.00456334191433129,-368.4591689803144
