Desplacment,Force
0.005328972536190556,163.02394925044692
-0.00747526106371771,-169.27390427745328
