Desplacment,Force
0.0038721448066849963,158.51156869473263
-0.0037521614748054944,-157.9257323403828
