Desplacment,Force
0.004965166914965948,161.9198868412213
-0.005143532988344795,-162.4605427629492
