Desplacment,Force
0.0031494661422774065,155.45800578178665
-0.003266073823742206,-156.12880215891627
