Desplacment,Force
0.0011526123116589418,106.77624792994473
-0.0018037044511299784,-105.68317163427186
