Desplacment,Force
0.002731310763113636,120.5275679453113
-0.00261677603327601,-120.0026421950709
