Desplacment,Force
0.0032727942262986555,122.37341346995798
-0.003425800193393089,-122.84805266061183
