Desplacment,Force
0.0038336548636813722,256.80167918408733
-0.003928080455998419,-259.0501611389796
