Desplacment,Force
0.0020728656299579097,117.20437222132163
-0.0021687606566478325,-117.5894870788412
