Desplacment,Force
0.004593356759364557,268.35292910534645
-0.004489330169905941,-266.83410903614737
