Desplacment,Force
0.0029740352016230107,233.01627124094975
-0.002906496288689718,-228.28537676452967
