Desplacment,Force
0.006927856867187256,154.5742667153886
-0.007230602917084806,-155.48249010128558
