Desplacment,Force
0.005928447265338141,151.57573434278723
-0.005949062245503256,-151.63761074034207
