Desplacment,Force
0.007650085019038098,156.74095471482565
-0.007614563750736835,-156.63439090992185
