Desplacment,Force
0.004907517256399417,148.5085836292058
-0.004888552237346009,-148.45105362031165
