Desplacment,Force
0.004878830875842095,409.0105224934884
-0.005736150858950999,-397.3841846630966
