Desplacment,Force
0.0037206071844661775,359.979756124312
-0.00404495917960464,-356.88510012376423
