Desplacment,Force
0.005800141674433577,454.94507298720197
-0.00564218523654024,-448.0775812875819
