Desplacment,Force
0.007038105389694015,498.4492440775833
-0.0072874243488985435,-500.6872013103211
