Desplacment,Force
0.0045341851735202846,393.2555536368465
-0.004688934575927603,-400.19732926063836
