Desplacment,Force
0.0037353801034673006,159.97003882373085
-0.006389039342171839,-167.96485305795952
