Desplacment,Force
0.004228007386549829,161.42969356783772
-0.004038076903761618,-160.79169664755494
