Desplacment,Force
0.005176125882163821,164.3430502287537
-0.0054471970377530585,-165.16021243621168
