Desplacment,Force
0.0033128446015780583,158.0074750710689
-0.0034823695450274424,-158.76685333206748
