Desplacment,Force
0.0008895035651470482,102.44264909488422
-0.0016070540950493786,-96.86172999511327
