Desplacment,Force
0.0028143132329609753,120.83399296764426
-0.0027276665134939324,-120.23331272922617
