Desplacment,Force
0.003282275101450039,122.41099085467916
-0.0034967879575145103,-123.06743636580133
