Desplacment,Force
0.004067502588320845,366.736906775536
-0.004148392051009966,-378.2272231246563
