Desplacment,Force
0.0021116893696365886,117.72227471842427
-0.0022261889112503686,-118.10275216133957
