Desplacment,Force
0.004729003258803036,416.5372499826725
-0.004670905126692213,-405.70127037553436
