Desplacment,Force
0.003074999017035114,295.7154339959692
-0.0030338035145117412,-287.0293439493345
