Desplacment,Force
0.0056677060468996125,299.62638400081295
-0.006109165020852637,-300.68219477760925
