Desplacment,Force
0.006173444262214319,301.88266831926705
-0.006117514297483065,-301.6673424861783
