Desplacment,Force
0.007657761888943035,307.946460832184
-0.0077529600713845005,-308.2337824140889
