Desplacment,Force
0.004938178363790957,292.6107059835147
-0.004998406464727851,-292.74506134330613
