Desplacment,Force
0.004148932226045906,413.0937707998401
-0.005266059800807505,-415.50551614243534
