Desplacment,Force
0.004183566653054472,340.74771292063934
-0.00441128733279106,-330.44044737290005
