Desplacment,Force
0.005696845015802367,410.8172843607136
-0.005601243051878221,-407.14590872890454
