Desplacment,Force
0.007047420917709898,439.0591087402335
-0.007184060141741886,-440.7452393652591
