Desplacment,Force
0.0046189639124820814,160.8916050859604
-0.007285903572227385,-168.87013565271948
