Desplacment,Force
0.004004530846360027,158.9388082193001
-0.0038518934844668103,-158.37658278578766
