Desplacment,Force
0.005052384061026499,162.1834804865317
-0.00524323346178148,-162.7260496013041
