Desplacment,Force
0.0032162042455623706,155.76951078431094
-0.0033382947481631607,-156.40953790540385
