Desplacment,Force
0.0013556328832851892,110.2012229789997
-0.001863480494422286,-106.87563424799157
