Desplacment,Force
0.002746564309620765,120.58529742212495
-0.0026004942165378233,-119.96392163502676
