Desplacment,Force
0.003257597908111234,122.3274255123252
-0.0034474885948198616,-122.9152266025493
