Desplacment,Force
0.003909245119648519,315.1485261304873
-0.004032232360258213,-322.86010978251704
