Desplacment,Force
0.0020659116984875023,117.38479399319112
-0.002185339464954167,-117.70620585916583
