Desplacment,Force
0.004627738326887642,345.4748416462148
-0.004514336190293276,-339.2807187636478
