Desplacment,Force
0.003006590808907469,269.4831980740541
-0.002930313010951089,-259.8873357796843
