Desplacment,Force
0.006767852702614518,154.60688555708768
-0.00711672859055535,-155.65349683556286
