Desplacment,Force
0.007620168811281013,157.16384470144527
-0.0076116005863573755,-157.13814002667436
