Desplacment,Force
0.0048942061821742175,148.98086901155483
-0.004890833471062302,-148.97029845315436
