Desplacment,Force
0.004620873622929291,403.0325560622781
-0.005722459354811835,-396.9763733002388
