Desplacment,Force
0.0043654509091556664,187.64463504613647
-0.004764834500866526,-188.81077700610822
