Desplacment,Force
0.00569718935572548,321.603206322751
-0.005631050272965993,-320.71423989052977
