Desplacment,Force
0.007067526422567293,330.2987803411699
-0.007180709909275549,-330.8052398209856
