Desplacment,Force
0.004543985259650356,305.39713388123187
-0.004612037722777486,-306.5463770320395
