Desplacment,Force
0.0027978148949261645,314.881947786244
-0.003954632755672411,-332.74845293695444
