Desplacment,Force
0.003997065330916234,352.1292021334581
-0.004013117886697202,-346.9901012951411
