Desplacment,Force
0.00503240155529971,404.76689345677426
-0.005106861205141368,-407.8557429488186
