Desplacment,Force
0.0032284203623149594,296.29250945254637
-0.0032652884147822184,-300.94849473342094
