Desplacment,Force
0.0009778370419916112,120.75239106492873
-0.0017082027186546668,-119.10560126255794
