Desplacment,Force
0.0025648665793609852,154.32821531057309
-0.0024599304663012723,-153.9589081826965
