Desplacment,Force
0.0030551109495223997,158.5889617294768
-0.003200098590708939,-159.28248064495773
