Desplacment,Force
0.004004813711824159,186.06132235542972
-0.0041254292339571565,-186.5695661635214
