Desplacment,Force
0.0019469609169579822,143.9468449870788
-0.0020345884491675464,-144.7412269737832
