Desplacment,Force
0.0047914312996248124,189.01959186242456
-0.0046894395723137364,-188.67035353843673
