Desplacment,Force
0.0031056521696535945,180.0156992769959
-0.0030356277732388123,-179.0726560145098
