Desplacment,Force
0.006305062788297407,217.0746113557042
-0.006786807640834185,-218.51384371121986
