Desplacment,Force
0.006159442152262404,216.59590631827513
-0.006151734492835327,-216.5911426524214
