Desplacment,Force
0.007802021167662718,221.5899821688023
-0.007828272462917894,-221.66854879139214
