Desplacment,Force
0.0050206702833286605,212.87891956505322
-0.005036369916879832,-212.90930611138137
