Desplacment,Force
0.0041610652033996645,310.06979535051323
-0.005094757975389601,-307.13339630197305
