Desplacment,Force
0.005300084780708116,318.16636496953237
-0.005373085139034885,-311.84702973119056
