Desplacment,Force
0.005214232583066637,180.86690711186617
-0.005134831634083517,-180.62507724401544
