Desplacment,Force
0.006876012815749339,185.87804859026724
-0.006945276894600268,-186.0856093767341
