Desplacment,Force
0.004366542180183846,178.16306061887735
-0.004416110108560758,-178.3258663427018
