Desplacment,Force
0.0076309152683652496,149.07150313898686
-0.01009020577738432,-156.44937466604406
