Desplacment,Force
0.003656247916314394,137.11021665882205
-0.003772613910418428,-137.42485785820068
