Desplacment,Force
0.005033079525559249,141.27685883756067
-0.005166321461736333,-141.67696478047776
