Desplacment,Force
0.0031451706060268486,135.3844598365025
-0.003234136521028063,-135.71104378824288
