Desplacment,Force
0.0014135604637832157,143.9875778293695
-0.0015830883215220792,-149.9729534083606
