Desplacment,Force
0.00249447728958558,227.06070751931574
-0.0023697524620447793,-217.14093918595444
