Desplacment,Force
0.0029870097667410345,260.1979780875165
-0.0031685124082137606,-268.11508675111173
