Desplacment,Force
0.0036878047206490242,281.9686132080225
-0.003777862961530987,-286.7400283657356
