Desplacment,Force
0.0018629300338870738,178.49701872167773
-0.001981516404564506,-187.35140535502066
