Desplacment,Force
0.004440493560115746,304.79869079479533
-0.004317789207411694,-300.46927070112594
