Desplacment,Force
0.002869864367890844,247.3599588468748
-0.0027910400156584175,-238.90321603032766
