Desplacment,Force
0.007266525869590288,224.18672140987636
-0.007405695044625929,-224.59678890104922
