Desplacment,Force
0.005783932484485051,219.63110134339368
-0.005839397050735312,-219.81813354349043
