Desplacment,Force
0.007506208291483069,224.911594608632
-0.007418951853497928,-224.64789406054103
