Desplacment,Force
0.004809937597795663,216.21898697930726
-0.004758573307758457,-215.94592725419648
