Desplacment,Force
0.008057912852407171,189.4245929041039
-0.009534591810864284,-193.78017582506394
