Desplacment,Force
0.004896701473329081,271.54788317955183
-0.005021907801475468,-268.93783899067034
