Desplacment,Force
0.005636272432762864,409.44026102749035
-0.0055313377518579334,-405.53820635983453
