Desplacment,Force
0.006993491230455179,438.55013493878994
-0.007127341039075661,-440.27111285596953
