Desplacment,Force
0.0044858377611193875,366.49777162908316
-0.004572661766510826,-369.1147486219943
