Desplacment,Force
0.005319931884561707,162.99679331743454
-0.0073809734566357465,-169.04339585343797
