Desplacment,Force
0.003875955649451579,158.5227890057557
-0.0037477082426240526,-157.90626786138938
