Desplacment,Force
0.004964784721098062,161.91432856324886
-0.005144755991129838,-162.46417676616977
