Desplacment,Force
0.003149000637394152,155.4509166158482
-0.0032666545828965573,-156.1282383383314
