Desplacment,Force
0.0009793735093752791,115.13158139484499
-0.0016244980195368865,-119.39636572993935
