Desplacment,Force
0.0026862630661693243,156.3476945390449
-0.002594025507523074,-156.01945723116398
