Desplacment,Force
0.0032390744225785683,160.29233956503637
-0.0033785656453620364,-160.9310392644229
