Desplacment,Force
0.00386098521395272,257.2687392292899
-0.0039347440986103625,-259.12854369350055
