Desplacment,Force
0.002051525217530059,147.12832743522088
-0.002137087510128914,-147.73305167704387
