Desplacment,Force
0.004602444197297378,268.4728121476669
-0.004517162302517838,-267.1175884409292
