Desplacment,Force
0.002979342736078986,233.24871851997068
-0.0029247676413393956,-228.93354186242337
