Desplacment,Force
0.006929690285117466,155.09240398385725
-0.007257498945010033,-156.0758150982915
