Desplacment,Force
0.005944629486460111,152.10799899475046
-0.005959959735010348,-152.18293338157906
