Desplacment,Force
0.007662135440224745,157.28974458827648
-0.007635146425395482,-157.2087775437887
