Desplacment,Force
0.004915442540797397,149.0448587890593
-0.004901789223140006,-149.00331816403352
