Desplacment,Force
0.004924760780577703,410.2024176828993
-0.005719084205476685,-397.3267209985641
