Desplacment,Force
0.004176526388645476,186.89556436769152
-0.004594778907493216,-188.08477298992295
