Desplacment,Force
0.005747150336429822,322.7476921875681
-0.005622095215794175,-321.35584835202684
