Desplacment,Force
0.00704094252727239,330.8326213488744
-0.007225810070257472,-331.67652813926566
