Desplacment,Force
0.004532709056953773,306.25005053927197
-0.00464651496925219,-307.7348245787534
