Desplacment,Force
0.002610152855051783,300.4725506543856
-0.0038284383876028517,-325.07998368943515
