Desplacment,Force
0.004102328084638797,358.5275839206672
-0.00407957889200118,-351.73409102613425
