Desplacment,Force
0.005108526586000186,408.7652160902461
-0.0052306233012412735,-413.0474277698867
