Desplacment,Force
0.0032809865598485964,300.597608715106
-0.0033474790462379644,-306.9177947695989
