Desplacment,Force
0.0007895646486603276,109.76365632300151
-0.0015606618927876035,-108.86277073322151
