Desplacment,Force
0.00259185338143809,154.95927843890735
-0.0025478637133399176,-154.3925291874738
