Desplacment,Force
0.0030732211942655695,158.75352036551536
-0.003225899519240479,-159.43990063436792
