Desplacment,Force
0.004096060437144615,186.39344042007986
-0.0041859961273373,-186.75082177004302
