Desplacment,Force
0.0019775221810914637,144.59430772203345
-0.002053595438593422,-145.78347357952737
