Desplacment,Force
0.004853111314976084,189.1555190768608
-0.004786469740297021,-188.90414715321106
