Desplacment,Force
0.0031454115862469376,180.3526713000928
-0.003098362719234631,-179.67796968504743
