Desplacment,Force
0.005550169268871404,339.9712559134324
-0.006099253130377874,-341.0837495764723
