Desplacment,Force
0.006293329830694428,344.7675987505707
-0.0062604227561423535,-344.73141002611743
