Desplacment,Force
0.00781935702070533,353.5800719740518
-0.007894630582995943,-353.827434918097
