Desplacment,Force
0.005043808656800896,330.01351000359045
-0.005088623562234235,-329.6231890653741
