Desplacment,Force
0.004099551202679545,309.8661309250229
-0.005154070650960773,-308.582432869714
