Desplacment,Force
0.0034831355449770306,289.2180704042267
-0.0038658958713610673,-284.9336782985194
