Desplacment,Force
0.005854293271618799,363.45770062856457
-0.005641792720716957,-362.74362494373116
