Desplacment,Force
0.0070707319406713735,375.9663360237294
-0.007351763997043251,-377.7212140324644
