Desplacment,Force
0.004555896886215586,338.0622251235928
-0.0047348718895299366,-340.10221070178454
