Desplacment,Force
0.0026530308118178423,220.6987747283334
-0.004929367263316291,-227.8062880878575
