Desplacment,Force
0.004352526586371692,228.08373232629285
-0.004198386282253675,-227.56051192812345
