Desplacment,Force
0.005275686071603801,232.64667237893846
-0.005510099554337296,-233.50127390434892
