Desplacment,Force
0.003386426630067897,219.82824379296312
-0.003531493753047238,-219.89152382342363
