Desplacment,Force
0.0010435459825520366,112.45230461009045
-0.0013788654041096738,-131.14779611717307
