Desplacment,Force
0.002587460769298955,238.9578089519468
-0.0025186579916483577,-227.6436359530605
