Desplacment,Force
0.003073207951536925,271.70738734062815
-0.0032482181094837964,-280.740491567091
