Desplacment,Force
0.004203378842560586,296.7984566071649
-0.004255118500342001,-298.6151399744863
