Desplacment,Force
0.001973643884044326,187.3869312201866
-0.002065773311957586,-195.98774449183645
