Desplacment,Force
0.004853825441920316,311.52774996048134
-0.0048260305077437345,-310.3558342457807
