Desplacment,Force
0.0031538665461180865,260.349718565762
-0.00313273765556965,-256.3473041500212
