Desplacment,Force
0.005092417578687893,409.0691049217111
-0.005583971496840335,-408.6437353086533
