Desplacment,Force
0.006337949812661709,432.1478522915824
-0.0062395297497481825,-431.8709676502084
