Desplacment,Force
0.007717404908626969,455.87891382722154
-0.00786480147477032,-456.4870731328944
