Desplacment,Force
0.00498704044011962,394.2297561811623
-0.005080961089080649,-393.3706597470203
