Desplacment,Force
0.0043607003552044495,351.83953235986996
-0.005698944217619637,-351.18914759703165
