Story,Drift
1,1.1901376978805693
2,1.917345825624492
3,1.7550057887880066
4,1.3051304363671903
5,0.7550022467272443
