Story,Max Ductility
1,2.824918266907151
2,9.05039595101901
3,4.8797800637803475
4,3.838758228359957
5,1.9916728448733994
