Desplacment,Force
0.004421332615252977,130.84354423855476
-0.004840981633108092,-132.08328063684513
