Desplacment,Force
0.005796373238737627,442.5168209671519
-0.005654381730904343,-438.0868440757826
