Desplacment,Force
0.00704525311319384,481.63196176998485
-0.007268981967207253,-482.15866656770925
