Desplacment,Force
0.004541291495345307,386.40958171098606
-0.004678752615164468,-392.0688304793325
