Desplacment,Force
0.0025885504958466123,287.71712176945744
-0.0037343578190189067,-328.15745464146556
