Desplacment,Force
0.004173811577621631,373.08351998201346
-0.004110422518373141,-364.3550782681407
