Desplacment,Force
0.005145098763005966,429.1089437623975
-0.005312131933522881,-435.39594515993275
