Desplacment,Force
0.003306474523128572,308.0964068321785
-0.003403103183939835,-316.559514478439
