Desplacment,Force
0.000950052579697245,99.34250369615557
-0.0011877692160581828,-115.94342524208727
