Desplacment,Force
0.0025679453134263243,245.44905818323323
-0.00246715045578843,-233.4790616386268
