Desplacment,Force
0.0030245291763099868,285.91098227218487
-0.0032105010345338243,-296.8613095259309
