Desplacment,Force
0.004255612540997751,130.3428224805406
-0.004279154605432702,-130.41344384299862
