Desplacment,Force
0.0019294680696174454,189.03972781599103
-0.0020434385365800385,-198.75688375894185
