Desplacment,Force
0.005005601248204991,132.59763239069915
-0.004999692027031303,-132.57988697476122
