Desplacment,Force
0.003237253206329456,127.17933896711537
-0.0032313030383445763,-127.1589150812725
