Desplacment,Force
0.005090060341811633,440.07511101611027
-0.005593999825289944,-443.37504973336445
