Desplacment,Force
0.006505887749785135,484.0089044160384
-0.006411809831809491,-484.36100593828957
