Desplacment,Force
0.007939234443946298,523.4080009241504
-0.008092720373465522,-523.6854588779922
