Desplacment,Force
0.005125775908878765,431.279072145098
-0.005220965574922662,-429.8640914900166
