Desplacment,Force
0.00394845559891606,387.0396480669977
-0.00472484690551895,-382.5159260776999
