Desplacment,Force
0.004875841913507389,271.18584148711255
-0.0049740038854176934,-269.23969679072724
