Desplacment,Force
0.005643855133275492,448.09970519475684
-0.0055679103024691015,-444.3143988119747
