Desplacment,Force
0.006997688976195551,494.47749803599373
-0.007121543621351286,-496.6289689016312
