Desplacment,Force
0.00449339524945768,390.44777946452973
-0.004570571975595204,-393.1422530712013
