Desplacment,Force
0.005047141335005952,163.96267802487526
-0.007177186608786334,-170.34928065253925
