Desplacment,Force
0.003886421129380118,160.32330716331396
-0.003754902608639591,-159.76842584607428
