Desplacment,Force
0.004967573352485843,163.7103928648111
-0.005146016406665446,-164.25217934544787
