Desplacment,Force
0.0031562787809871957,157.17344963326514
-0.0032705369935465915,-157.85630651315168
