Desplacment,Force
0.0011111379771751744,106.03991510084536
-0.0017281065190986001,-104.64603940614535
