Desplacment,Force
0.002746967768929296,120.58642352441336
-0.0026242980026405993,-120.04781135558771
