Desplacment,Force
0.0032830008728727115,122.40602020964126
-0.0034447850753313147,-122.90660878353762
