Desplacment,Force
0.003860387346299252,257.32738265015837
-0.003956995359239673,-259.5631519555619
