Desplacment,Force
0.0020814394125873025,117.34143497150697
-0.0021824183710586202,-117.68306961085536
