Desplacment,Force
0.004624078361724382,268.6258311149421
-0.004523225381648693,-267.2083235561417
