Desplacment,Force
0.002994333397710585,233.71618821904667
-0.0029280459002646803,-229.16021785930454
