Desplacment,Force
0.006857111919846844,154.8746647908166
-0.00720427830842423,-155.91614927405848
