Desplacment,Force
0.005958058615469561,152.17720910251785
-0.005974793107239427,-152.22743774062405
