Desplacment,Force
0.0076749972399327935,157.32832998740062
-0.0076507747249505475,-157.25566244245388
