Desplacment,Force
0.004924682440739293,149.0726088346667
-0.004911710617069651,-149.03316720275896
