Desplacment,Force
0.00459270069341405,433.3171068242649
-0.005341204344265951,-418.86031124688134
