Desplacment,Force
0.004127461209197043,282.9550694819863
-0.0043610111935056105,-276.8503502543661
