Desplacment,Force
0.005499246113629124,123.59780730923308
-0.005202398259356821,-122.70538757085276
