Desplacment,Force
0.006908334820064321,127.78162097093772
-0.007188555930857069,-128.66757772172934
