Desplacment,Force
0.004403707736006533,120.2868483706014
-0.0045971700834517544,-120.89302956476878
