Desplacment,Force
0.005004301440329513,227.13807931282614
-0.007364912598256745,-234.17764178185368
