Desplacment,Force
0.004192363229448734,222.69119141166178
-0.003932089046796699,-222.12571878934457
