Desplacment,Force
0.0052423127591666365,227.62735528923238
-0.005509752082937473,-228.59080500449016
