Desplacment,Force
0.0033151059623711915,215.30037874775226
-0.003497781690719252,-215.83562306204732
