Desplacment,Force
0.0013168256458146628,135.93290688978666
-0.0015800360990330894,-153.79928683365034
