Desplacment,Force
0.0024502315804413107,237.05210298073186
-0.0023883650663925784,-227.37927041696076
