Desplacment,Force
0.0029256838227471227,275.91445059053933
-0.003094506500618846,-291.29035975279567
