Desplacment,Force
0.003917150873548754,273.23894909674397
-0.004037275417964425,-276.12982006893
