Desplacment,Force
0.0018694513220404332,181.40440282894477
-0.0019491356879612106,-190.78984720515044
