Desplacment,Force
0.004665458559009397,287.6219204875776
-0.0045390565429708684,-285.4711790021516
