Desplacment,Force
0.0030226060366314554,243.96783757872535
-0.0029405377047035277,-238.00832772069654
