Desplacment,Force
0.005834123545770634,414.1631541289751
-0.006036877922364249,-408.66417981046544
