Desplacment,Force
0.006091949200430439,413.5613019526471
-0.006069204391222547,-414.7326949947283
