Desplacment,Force
0.007582972061872858,437.2823077344487
-0.007592614762400483,-436.6766181964825
