Desplacment,Force
0.004885995420032208,381.02801426401976
-0.004899045041857777,-377.3772085634091
