Desplacment,Force
0.007419270031413873,129.34132731045963
-0.008969780599065284,-133.76431015565146
