Story,Drift
1,1.257626564054731
2,1.9357981220651699
3,1.7365949173621231
4,1.2699436939107493
5,0.7686364677999779
