Story,Max Ductility
1,1.3858428061402444
2,1.5681824578773236
3,1.497069410683585
4,1.3326490629860235
5,1.3668043661083418
