Desplacment,Force
0.003447706623601957,334.0424227783609
-0.003894024582398054,-337.03266596709216
