Desplacment,Force
0.005891708162906943,459.04009564958073
-0.005756914283918853,-453.0630688797658
