Desplacment,Force
0.007159209343708136,502.1985749165182
-0.0073954246555570325,-503.5843609115028
