Desplacment,Force
0.004617149300806144,397.91588934154504
-0.004760284988796519,-404.4640290797541
