Desplacment,Force
0.0023945650605396713,252.6192260952077
-0.003868606628674427,-272.04268622502246
