Desplacment,Force
0.0042793915131034,296.27529995515715
-0.004208674962720111,-296.13574177624224
