Desplacment,Force
0.005213282205374994,313.2909521483826
-0.005408163301617099,-313.5249426357239
