Desplacment,Force
0.003356839201849115,268.5261316229323
-0.0034685110777561527,-270.7942753284051
