Desplacment,Force
0.0010385210714325946,116.88805956074144
-0.0014354278965904516,-132.51036207759577
