Desplacment,Force
0.0026029600950539435,228.33952028311595
-0.0025227786910948773,-219.98724561346202
