Desplacment,Force
0.003072295942723413,256.03696696665014
-0.0032687863141060126,-259.88267752951236
