Desplacment,Force
0.00425817482752787,369.08520180690954
-0.004312588023256356,-376.81135070705017
