Desplacment,Force
0.0019736192824785755,183.58408167054677
-0.0020808262318184815,-190.90755824045576
