Desplacment,Force
0.004901082139976823,409.59524475886917
-0.004876309537626945,-403.016753648865
