Desplacment,Force
0.0031884163696065913,299.9423649959552
-0.00316824384418826,-293.6297799073258
