Desplacment,Force
0.0054217393225247015,334.5762261706944
-0.005981638626112409,-335.11624205755044
