Desplacment,Force
0.006379867917164423,340.22870991719367
-0.006289212395693774,-339.7723496125521
