Desplacment,Force
0.007826876005897291,348.0068266490492
-0.007978203079430235,-348.5391705676452
