Desplacment,Force
0.0050550741865024095,325.8411935773357
-0.005148577600835502,-326.3407306673478
