Desplacment,Force
0.003832998737046672,388.1696336338397
-0.0046931105073006185,-388.7575637172338
