Desplacment,Force
0.004364159989152374,187.64065673930997
-0.004764491422644505,-188.8094630821712
