Desplacment,Force
0.005697148985625465,321.7305422973217
-0.0056310862656471445,-320.8388081799071
