Desplacment,Force
0.007067385770770961,330.4386560147295
-0.00718064961158248,-330.946104836932
