Desplacment,Force
0.004543933528731585,305.49595115489865
-0.004612012093180455,-306.6468395816439
