Desplacment,Force
0.0027955939105788643,314.7696040230982
-0.00395750414281419,-332.5396533032492
