Desplacment,Force
0.003997392913429381,351.7759454778066
-0.0040137843033731,-346.6549988367712
