Desplacment,Force
0.005032936149674581,404.1373850072389
-0.005107328976017312,-407.21475948095434
