Desplacment,Force
0.0032288113180470807,296.1214763486308
-0.0032655878409637833,-300.76014592894313
