Desplacment,Force
0.0009775562543688804,120.7240634672288
-0.001707408089587812,-119.07473313789114
