Desplacment,Force
0.002565193244001532,154.33160286800708
-0.0024601537852418673,-153.96249801111145
