Desplacment,Force
0.003055397262367078,158.59090191733694
-0.0032004705856375224,-159.2843494000849
