Desplacment,Force
0.004004908247614642,186.0618408365079
-0.004125547393556181,-186.57000564623917
