Desplacment,Force
0.0019471630762723127,143.95317996295057
-0.0020348259744813286,-144.74680230718357
