Desplacment,Force
0.0047915146185378375,189.0198614030743
-0.004689549235049302,-188.67075253588388
