Desplacment,Force
0.003105710416296215,180.01608106201328
-0.0030356949998554808,-179.07376341903364
