Desplacment,Force
0.0063023631567553605,217.28818548258397
-0.006784671384081705,-218.7293673098499
