Desplacment,Force
0.006159573891017646,216.81783844381238
-0.006151818187655868,-216.81287786985547
