Desplacment,Force
0.0078017568154150445,221.81129302370235
-0.007828189010487284,-221.89039978183723
