Desplacment,Force
0.005020541444417182,213.09661784288699
-0.005036339157307557,-213.12714839296
