Desplacment,Force
0.0041599785340588205,310.1833015533259
-0.005095493727954641,-307.2453972487297
