Desplacment,Force
0.004895574922649009,271.415321699051
-0.005021625364231622,-269.11509952278647
