Desplacment,Force
0.005628597379807155,408.717222143305
-0.005529150034485765,-404.9717952765314
