Desplacment,Force
0.006985998014766079,437.79040222100423
-0.007112226048088236,-439.4042654367553
