Desplacment,Force
0.004481430951355628,366.00546878572004
-0.004563492079402417,-368.38987573608205
