Desplacment,Force
0.005334382377215337,163.04018928464248
-0.0074775252501024705,-169.2801854551483
