Desplacment,Force
0.0038718113553169774,158.51042202113462
-0.0037513823422223908,-157.92274612454676
