Desplacment,Force
0.004964836646207158,161.91888100007552
-0.005143350159647683,-162.4599876477941
