Desplacment,Force
0.003149216776288492,155.45617492813426
-0.003265909101465487,-156.12788029259923
