Desplacment,Force
0.001141450883728575,107.15620536456747
-0.0017996265012487265,-106.13108308832136
