Desplacment,Force
0.0027299391782086954,121.44604485574152
-0.0026172653562877043,-120.92198411012228
