Desplacment,Force
0.0032725498297314463,123.31337545747627
-0.003424556205600323,-123.78642288088865
