Desplacment,Force
0.003833923257746442,256.80452445088486
-0.00392750216303296,-259.0384511583379
