Desplacment,Force
0.002072762608251729,118.0559708270789
-0.0021678909169372627,-118.43290410360855
