Desplacment,Force
0.004592932528265157,268.35013471343154
-0.0044894875263293684,-266.8350266862811
