Desplacment,Force
0.0029737398368718405,233.00746555903723
-0.002906614803600194,-228.2870979270099
