Desplacment,Force
0.0069303832032136655,154.125867342213
-0.007235114869237653,-155.0400486422132
