Desplacment,Force
0.005927807761560204,151.11785363196046
-0.005949063832866976,-151.18165187896034
