Desplacment,Force
0.00765042695350275,156.2860009606347
-0.007614405200571402,-156.17793570184065
