Desplacment,Force
0.004907700552110898,148.05337293775062
-0.004888386478902633,-147.99482134715043
