Desplacment,Force
0.004882068528332385,408.9675986157793
-0.005737703624997556,-397.3254173968017
