Desplacment,Force
0.0039930773468145175,352.3758487809133
-0.004247303670756895,-339.9370973659996
