Desplacment,Force
0.005745187536246242,420.61552182136563
-0.005628880331158011,-417.0766698615034
