Desplacment,Force
0.007086748587740777,452.07385015986966
-0.007256376319106761,-453.408022614824
