Desplacment,Force
0.004553097957280424,374.6196737002174
-0.004660354121246986,-378.30107462905823
