Desplacment,Force
0.004148514539514462,161.35680417456183
-0.006756190008583478,-169.18590690519275
