Desplacment,Force
0.004054341259471123,160.97761693139438
-0.003895486123329849,-160.40085559699455
