Desplacment,Force
0.0050670755930822525,164.12158457805788
-0.005265933397362295,-164.71668524884063
