Desplacment,Force
0.003228910766830145,157.65841173672476
-0.0033553723527199237,-158.32543940585893
