Desplacment,Force
0.0012364960602008986,128.68607949477658
-0.0014597067063897426,-139.9861243488451
