Desplacment,Force
0.002598478929455005,240.36057675849284
-0.002445997850238585,-230.25519474207096
