Desplacment,Force
0.0030942496209188783,278.1505223101528
-0.0032835612715800926,-286.48294129500016
