Desplacment,Force
0.0040108319678203806,332.9668725653861
-0.004109446056169965,-341.0366195266783
