Desplacment,Force
0.0019597844396991282,189.6017616949697
-0.002079042748263449,-198.07509179055498
