Desplacment,Force
0.004698029429264593,367.5735617779454
-0.0046170014171391695,-360.83710186929704
