Desplacment,Force
0.0030538226225749906,279.5454269238127
-0.00299803641950424,-270.7324759312023
