Desplacment,Force
0.006624848140380925,178.34800655141078
-0.006976285064770288,-179.4020464989021
