Desplacment,Force
0.006045154781070249,176.58759501026555
-0.006009862878186171,-176.50029306302687
