Desplacment,Force
0.007668673832304827,181.48011908804187
-0.007711589860544484,-181.60886322787982
