Desplacment,Force
0.004929321180281806,173.2228075443401
-0.0049591672604159,-173.31166049721978
