Desplacment,Force
0.004631591655585676,409.68794377128995
-0.0056563814358766866,-403.4785342133477
