Desplacment,Force
0.00348761196735146,288.83619476923883
-0.003869207319025353,-284.56111369261515
