Desplacment,Force
0.005853452537242847,363.44605363325735
-0.005641151677839829,-362.72623545554796
