Desplacment,Force
0.007070169850778014,375.9622460996391
-0.0073507665847492056,-377.71526150545463
