Desplacment,Force
0.004555466672634597,338.0295923220816
-0.0047341857146593,-340.0841123934013
