Desplacment,Force
0.0026586742681911236,220.70281473714164
-0.004930492366173549,-227.76767450466048
