Desplacment,Force
0.004350825764805201,228.02387567169674
-0.0041967302946482,-227.49928160637367
