Desplacment,Force
0.00527430226077778,232.58799265287936
-0.005508382082745008,-233.44218087265952
