Desplacment,Force
0.003385442581158815,219.76537559423807
-0.003530342151319665,-219.83445882334198
