Desplacment,Force
0.0010430995036617282,112.44537978216043
-0.001378876608268669,-131.11622987438125
