Desplacment,Force
0.0025869786361568154,238.80966249715436
-0.002518502643485914,-227.52505806775147
