Desplacment,Force
0.0030729620122228736,271.4843179467749
-0.003247666003828024,-280.484544662787
