Desplacment,Force
0.00420269664930465,296.2165714035583
-0.0042543902378626205,-298.0078948770339
