Desplacment,Force
0.00197349309376328,187.3246651215258
-0.002065395099130129,-195.8991472938665
