Desplacment,Force
0.004853459783421713,310.81196032481466
-0.004825513545378477,-309.65576610818783
