Desplacment,Force
0.0031535792272697205,259.9949085959904
-0.0031323747985699175,-256.0190402477175
