Desplacment,Force
0.0050964505879678166,408.36384859653305
-0.00558749461286325,-407.9115836278333
