Desplacment,Force
0.0063372046681999935,431.0808450122675
-0.006239125316277262,-430.8011444970953
