Desplacment,Force
0.007717571654728023,454.524579458974
-0.00786441530734253,-455.12895693601206
