Desplacment,Force
0.004987058113564041,393.5071070702474
-0.005080642614748369,-392.65711706033574
