Desplacment,Force
0.0043618908857628695,351.86330719297035
-0.005697904999558227,-351.1718676593468
