Desplacment,Force
0.0037520662620575533,354.0164217377734
-0.003915560095620382,-338.6657798328271
