Desplacment,Force
0.0057905497169266195,353.3052393764948
-0.005552003794976582,-352.2905000247437
