Desplacment,Force
0.007038456381128135,364.8407097327607
-0.007312293432514818,-366.3647706142088
