Desplacment,Force
0.004521426304764701,330.2981331254008
-0.004701566094980791,-332.31394540504033
