Desplacment,Force
0.003945330350104283,177.43079191773947
-0.006182314693486468,-184.08213693003813
