Desplacment,Force
0.004218191266968249,178.05584128352345
-0.003993073353819689,-177.20194308918045
