Desplacment,Force
0.0051752542774510055,181.1694670641197
-0.005432326639575846,-181.95307601610457
