Desplacment,Force
0.0033003773596995798,173.9792170743033
-0.003468861789450084,-174.77828026652108
