Desplacment,Force
0.0010963540171033367,120.10553393525527
-0.0014090618542112808,-132.94538226576623
