Desplacment,Force
0.0025951354943208197,234.0858549509677
-0.0025060325187184498,-224.32303305389144
