Desplacment,Force
0.0030755853813733847,265.95136960379676
-0.0032644136585344014,-273.1744608072628
