Desplacment,Force
0.004096289802992511,352.77958582724216
-0.004149940414777813,-360.6556964349393
