Desplacment,Force
0.001963671195710721,185.96945235288547
-0.002070250456949548,-194.53190126786882
