Desplacment,Force
0.004730410634474818,392.5437232472591
-0.00469445582447532,-385.32909898129685
