Desplacment,Force
0.003075054776599555,288.734992146905
-0.003049643303596592,-281.49975365858256
