Desplacment,Force
0.005799474123852914,314.0004365947983
-0.006134737056414856,-314.34657128938585
