Desplacment,Force
0.0061857674564135875,315.72722203118127
-0.006102525077138397,-315.4023707536064
