Desplacment,Force
0.007649100805099857,322.44909997554447
-0.007755166763967503,-322.7752202601219
