Desplacment,Force
0.0049307429433842215,304.6267282966437
-0.005001795169420375,-304.7541611743515
