Desplacment,Force
0.005004106562088218,350.69468364498096
-0.006115994558596229,-349.01550933116675
