Desplacment,Force
0.0037341800703799125,323.40745838877456
-0.004171949573684034,-320.34689975994814
