Desplacment,Force
0.005813582170496501,479.986526355169
-0.0056360390516187195,-470.7287567131569
