Desplacment,Force
0.007033511436455592,535.6043491400774
-0.007313489504127277,-539.3404938255491
