Desplacment,Force
0.004533073996371035,406.05889857675413
-0.004706494079639191,-415.88647281376643
