Desplacment,Force
0.003552860838900078,141.6646007561747
-0.006364937437960522,-149.76569406628445
