Desplacment,Force
0.004252195066780182,143.75386056990502
-0.004058926436773773,-143.1577941524044
