Desplacment,Force
0.005206845646345396,146.63238380647076
-0.005487268106493082,-147.47425200701295
