Desplacment,Force
0.003331516622615942,140.79433510367923
-0.003506272068063276,-141.39624164000173
