Desplacment,Force
0.0009516397585717348,106.64500586932503
-0.0013445254338539836,-123.77667806615821
