Desplacment,Force
0.0027036730929267247,231.7211809282777
-0.0026260654688635364,-220.70402246965742
