Desplacment,Force
0.00319635383517538,253.7861120865887
-0.003369039236742285,-259.33475292103617
