Desplacment,Force
0.004153987204979442,325.5005782463054
-0.004229516484742924,-330.4309040720362
