Desplacment,Force
0.002052657596747994,185.90172578930438
-0.002139558542965566,-195.43914818694464
