Desplacment,Force
0.004838995507810042,351.2801765775915
-0.004794247734502296,-347.9000991285168
