Desplacment,Force
0.0031426474014558522,277.47619554642205
-0.003109141914074841,-270.9128515603687
