Desplacment,Force
0.0051658643054733645,387.279076007483
-0.0057381699259905095,-387.8419580822456
