Desplacment,Force
0.006308919404932095,403.4030730930012
-0.0062328233987293015,-403.11070179655314
