Desplacment,Force
0.007726387678664384,420.5271539025114
-0.007858446611157702,-421.06668457278784
