Desplacment,Force
0.004988673479156445,374.0703420333943
-0.005070802307396666,-373.51069818369336
