Desplacment,Force
0.00425962810633985,432.1839571596563
-0.005316449293267429,-437.49566391364675
