Desplacment,Force
0.004889215540108964,271.36187837708735
-0.005010274070989979,-269.05761654558455
