Desplacment,Force
0.005629965006166789,408.8662406998109
-0.005529690087412141,-405.1013122251611
