Desplacment,Force
0.006986109030179426,437.9512108500026
-0.007113038009064021,-439.57492598160627
