Desplacment,Force
0.0044815877053714466,366.08859857589596
-0.004564163991373112,-368.4929291107635
