Desplacment,Force
0.005317670184455121,163.79439141789908
-0.007449118094785421,-170.0034109513018
