Desplacment,Force
0.0038741667483535662,159.31426017480507
-0.0037528149273595777,-158.7133539724357
