Desplacment,Force
0.004965571058750889,162.7245856132624
-0.005143927145433512,-163.26559023278494
