Desplacment,Force
0.003149995940797779,156.21726043725917
-0.0032665471227567204,-156.9010962833812
