Desplacment,Force
0.0011571618705979352,106.86697552156653
-0.0018052231637382895,-105.7285806335137
