Desplacment,Force
0.00273095580417488,120.52606383951101
-0.0026158680987301876,-119.99905660342648
