Desplacment,Force
0.0032720992304888486,122.37123392132747
-0.0034252927242858257,-122.84646673847922
