Desplacment,Force
0.0038357209068090236,256.83794652836775
-0.003928712246899935,-259.0483883495833
