Desplacment,Force
0.002072433427075182,117.20256016229688
-0.002168519018712968,-117.58729075675181
