Desplacment,Force
0.004593874862660817,268.35982130810237
-0.004490952356263699,-266.85143167619333
