Desplacment,Force
0.002974400381264404,233.03315716343803
-0.0029076406715950014,-228.32897083880155
