Desplacment,Force
0.006928433160499706,154.483194920553
-0.007229041825927042,-155.38500626133865
