Desplacment,Force
0.005929495900074815,151.48608382582717
-0.005949157741401704,-151.54509980946364
