Desplacment,Force
0.007650325901673536,156.64887644867255
-0.007615557749500518,-156.5445719921535
