Desplacment,Force
0.004907689835004922,148.4163487125605
-0.004889275324557762,-148.3604827427871
