Desplacment,Force
0.004875881746215275,408.91185076128363
-0.00572682824852278,-397.0821404730478
