Desplacment,Force
0.003407587848789185,334.86723694158013
-0.00372340782820606,-326.6657389454628
