Desplacment,Force
0.005685793221297549,130.09663733714277
-0.005431215803320543,-129.36739980890596
