Desplacment,Force
0.007061223191498971,134.23082350069876
-0.007345369614089572,-135.11023937249095
