Desplacment,Force
0.004521477183300082,126.62256828348114
-0.004709014782853122,-127.20047034274799
