Desplacment,Force
0.0031501722227807007,281.2087879772515
-0.005560221492984834,-296.6516764279284
