Desplacment,Force
0.00437734717570931,289.4702868001527
-0.004221446749564929,-289.07254791914806
