Desplacment,Force
0.005354114328536932,303.3254463887726
-0.005604740276444184,-304.15918675229466
