Desplacment,Force
0.0034207759850519194,266.84339523815134
-0.003577174580000567,-268.6519532785957
