Desplacment,Force
0.0013226302035090473,139.24226399673404
-0.0016260249425809376,-155.43157033485406
