Desplacment,Force
0.0024646267116080122,232.8494326976238
-0.0023950031145930735,-221.79887451714336
