Desplacment,Force
0.0029306871806656443,266.03602974035454
-0.0031072363821436438,-280.6923490823526
