Desplacment,Force
0.004023164410904078,354.1789541569831
-0.004175254523381938,-367.2786542827788
