Desplacment,Force
0.0018740760712581464,178.78719938684495
-0.0019657694721872516,-189.68276600857862
