Desplacment,Force
0.00474023068204729,400.2541920389847
-0.004609644987228453,-388.4666099146679
