Desplacment,Force
0.003081993730893057,291.20134641722075
-0.0029934410684040514,-279.79339517948915
