Desplacment,Force
0.0054938759004700905,411.48716163429344
-0.005909881001148291,-409.6617835972194
