Desplacment,Force
0.0061806798919343785,419.5561928831021
-0.006145208133078089,-420.1784776855279
