Desplacment,Force
0.007628003825746193,442.9581973704502
-0.0076841301736654734,-442.88046984518377
