Desplacment,Force
0.0049269762313486065,385.0481659768463
-0.0049644292092660665,-382.6059827513814
