Desplacment,Force
0.006238166013030974,131.78862856931516
-0.008296822738834994,-137.96455079211694
