Desplacment,Force
0.00488758864983272,271.3513201231433
-0.005007085880040085,-269.05155020951105
