Desplacment,Force
0.005630099900669154,408.8718926750355
-0.005529529115846326,-405.1006981865367
