Desplacment,Force
0.006985740243010971,437.9485847900946
-0.007113199353520732,-439.57733987892175
