Desplacment,Force
0.004481390268646408,366.08358247750726
-0.004564291719016889,-368.5007672629181
