Desplacment,Force
0.005313802551061026,163.78277873374824
-0.007444736724725076,-169.99208204750957
