Desplacment,Force
0.003874751110249606,159.3162117053143
-0.003753567026980222,-158.7162018909994
