Desplacment,Force
0.0049658719063781715,162.72550884570953
-0.005144330993359502,-163.26681084582742
