Desplacment,Force
0.003150250821782797,156.21906152825835
-0.003266846968322519,-156.9025387270217
