Desplacment,Force
0.001157213767452425,106.85568634372325
-0.0018030777244344926,-105.6987411477828
