Desplacment,Force
0.0027313131667449494,120.5272677019933
-0.00261562062137973,-119.9988437587192
