Desplacment,Force
0.003271875032420327,122.37057621865515
-0.00342540201818521,-122.84679087723003
