Desplacment,Force
0.003836221942056558,256.84998397021735
-0.003929132620607246,-259.0555277538198
