Desplacment,Force
0.0020723031550355184,117.20314992016364
-0.002168642083516075,-117.58778228280352
