Desplacment,Force
0.004594249200207153,268.3640912548129
-0.004491588879610021,-266.85920970099096
