Desplacment,Force
0.0029746483511108573,233.0435143370353
-0.002908040966525602,-228.34664397409432
