Desplacment,Force
0.006924038454157047,155.0754486201331
-0.007224488345433842,-155.9767821887492
