Desplacment,Force
0.0059307425853193435,152.09523983099106
-0.0059495945821282595,-152.15182808476007
