Desplacment,Force
0.007650230922870858,157.25403103621483
-0.00761631076763355,-157.15227057050288
