Desplacment,Force
0.00490769518948254,149.0215061736603
-0.004889842251170841,-148.96729280855368
