Desplacment,Force
0.004874301009942892,408.86701708154175
-0.005725217806789052,-397.0350325389181
