Desplacment,Force
0.004887273242912115,272.03191822093936
-0.005013345696303851,-269.6972701567039
