Desplacment,Force
0.005629256002011495,408.84964452480756
-0.00552985593392154,-405.1020311465628
