Desplacment,Force
0.006986337151296525,437.9536015682793
-0.007112757604090105,-439.57162939833086
