Desplacment,Force
0.004481742994934431,366.09296633511764
-0.004563901772056251,-368.4826490194769
