Desplacment,Force
0.005323835334017738,163.0085293778214
-0.007473158484377191,-169.2690087202925
