Desplacment,Force
0.003873345102624169,158.51546587944745
-0.003752130565899522,-157.92562799152572
