Desplacment,Force
0.00496579020921848,161.92176972978322
-0.005144402165888995,-162.4631630203033
