Desplacment,Force
0.003149887379092398,155.46010853840363
-0.00326669874631787,-156.13144796253147
