Desplacment,Force
0.0011503945981617579,106.95030146258448
-0.0018021431189437843,-105.86579480979906
