Desplacment,Force
0.0027309342812947513,120.87153238911522
-0.002616668126598168,-120.34329668559256
