Desplacment,Force
0.003272490746503436,122.72413162697147
-0.003425502991172489,-123.19932446263797
