Desplacment,Force
0.0038346354152590865,257.32876205477555
-0.0039288574499267035,-259.59215459273923
