Desplacment,Force
0.0020727167416199964,117.52462981840334
-0.0021685746876921375,-117.90624365752703
