Desplacment,Force
0.004593556394344737,268.98706425234695
-0.00448978034848763,-267.45146884136614
