Desplacment,Force
0.00297425057966707,233.36531704987172
-0.0029068695048875227,-228.60379035238492
