Desplacment,Force
0.006926879180270438,154.45503038603954
-0.007230729123497949,-155.36656571705734
