Desplacment,Force
0.005928469125468941,151.45950104743326
-0.005949123089225732,-151.5214938845572
