Desplacment,Force
0.007649983356842981,156.6243461979401
-0.007614587701964826,-156.51815923330562
