Desplacment,Force
0.0049074992119412875,148.3922819400049
-0.004888592932558608,-148.33493678226174
