Desplacment,Force
0.004877106599135809,408.9733297888023
-0.005735838219189685,-397.3748982078601
