Desplacment,Force
0.003484795869570057,289.26405690804455
-0.003866212347025522,-284.9501365530116
