Desplacment,Force
0.005854100998633811,363.4548435725555
-0.005641270371359194,-362.741180797451
