Desplacment,Force
0.007070392242609948,375.9642092029478
-0.007351596239747896,-377.72021950089976
