Desplacment,Force
0.004555630122490401,338.0580562818901
-0.004734753125106654,-340.0988804238057
