Desplacment,Force
0.0026587438404855205,220.4782650974357
-0.0049339336314198,-227.5637520860557
