Desplacment,Force
0.004352327674981428,227.79828141196325
-0.004197528741079025,-227.27145331679623
