Desplacment,Force
0.0052753421125814135,232.34269414838042
-0.005510037958872205,-233.1967206641337
