Desplacment,Force
0.003386110123679978,219.58428673228605
-0.0035314248677050884,-219.64964603122468
