Desplacment,Force
0.0010436853403704123,112.44809577343304
-0.0013787400222852397,-131.1533435140627
