Desplacment,Force
0.0025874205142957483,239.01006441054088
-0.002518632604398191,-227.69173684702324
