Desplacment,Force
0.0030731990466878237,271.80828821465434
-0.00324819766199716,-280.8480016669938
