Desplacment,Force
0.004203118231817247,296.79108126232694
-0.004254715685005906,-298.60601745481745
