Desplacment,Force
0.0019736343315436807,187.4081276852749
-0.0020657437697209798,-196.01474502438708
