Desplacment,Force
0.0048534950777676346,311.52296626913403
-0.004825747792267553,-310.35100023422746
