Desplacment,Force
0.0031536352303201762,260.33935564001683
-0.003132551763432769,-256.33749723728045
