Desplacment,Force
0.00509357332658189,408.99796484668883
-0.005584385245938564,-408.5551696833853
