Desplacment,Force
0.006337655199261106,432.0089497853654
-0.0062392263663049894,-431.73158538589655
