Desplacment,Force
0.00771718568788081,455.70566025391435
-0.007864488822268,-456.31327067497074
