Desplacment,Force
0.004986868134225108,394.1329198283214
-0.00508075068076625,-393.27426165885964
