Desplacment,Force
0.004363574752673342,351.88758632035837
-0.005701005101226185,-351.2351955341174
