Story,Max Ductility
1,3.196827871504365
2,3.1185393869343176
3,3.663787263487985
4,5.664690083266219
5,1.5959161859916118
