Desplacment,Force
0.004898189916514692,271.5510671441461
-0.005025129042683615,-268.95532336800756
