Desplacment,Force
0.005635616224965,409.11085427897814
-0.005530703695336272,-405.21654665763236
