Desplacment,Force
0.006993182488044176,438.1161418619267
-0.007126854915375229,-439.82926356968585
