Desplacment,Force
0.004485576607999118,366.2864197327036
-0.00457229967418814,-368.8963998089225
