Desplacment,Force
0.005326472730362655,162.76145036094286
-0.007391817984850591,-168.8178921834842
