Desplacment,Force
0.003875238969636485,158.26772722544305
-0.0037474954177720227,-157.6565309323006
