Desplacment,Force
0.00496459764653556,161.65914495466507
-0.005144580842156401,-162.2088270120757
