Desplacment,Force
0.003148760535752454,155.2095344566699
-0.0032664423703205794,-155.8829598935497
