Desplacment,Force
0.000978988821310464,115.08756992582646
-0.0016249092348716663,-119.36355278435414
