Desplacment,Force
0.0026862894671977468,156.2743042421302
-0.0025942129580344793,-155.94476525889144
