Desplacment,Force
0.0032392376076997714,160.211031997752
-0.003378644392231365,-160.84851899966327
