Desplacment,Force
0.00386007785260286,257.25256062121326
-0.003934267033642783,-259.11962500113907
