Desplacment,Force
0.002051595223071141,147.07308522671278
-0.0021370952910334663,-147.67709672669295
