Desplacment,Force
0.0046019411655918675,268.4680857885572
-0.004516330271452249,-267.1086934017618
