Desplacment,Force
0.002979038558673158,233.23677209032803
-0.002924202621101656,-228.9117236861439
