Desplacment,Force
0.006930445062230013,155.0946683541242
-0.007258451847863746,-156.07867386868435
