Desplacment,Force
0.005943981865844877,152.10863287887847
-0.00595964216007565,-152.18198043003065
