Desplacment,Force
0.00766180739913863,157.28876046501813
-0.007634480053540708,-157.20677842822437
