Desplacment,Force
0.004915209826761013,149.0441579923775
-0.004901330704521017,-149.00193651897038
