Desplacment,Force
0.004928933836340303,409.99649963635017
-0.005725508806783039,-397.2278327908338
