Desplacment,Force
0.0043649473253570496,187.64346934014617
-0.004765781145559358,-188.81405167597077
