Desplacment,Force
0.0056972291597207035,322.2103019492523
-0.005631588925677142,-321.31501751814767
