Desplacment,Force
0.007067553771629042,330.971432227156
-0.007180401870747131,-331.4796299606618
