Desplacment,Force
0.00454407400408676,305.8761790597746
-0.0046118718697739,-307.0286553087914
