Desplacment,Force
0.002796411398927163,314.80667620180435
-0.003957719306203556,-332.53682851288295
