Desplacment,Force
0.003997083274137472,351.73765490546486
-0.0040134487044161055,-346.616377217174
