Desplacment,Force
0.005032466048800875,404.08155711996596
-0.005106836933032082,-407.1601170385871
