Desplacment,Force
0.003228531772223841,296.0905281407809
-0.0032653008949108187,-300.7272900783826
