Desplacment,Force
0.0009784493631807634,120.63127856822275
-0.0017104310531745647,-118.89473700947366
