Desplacment,Force
0.00256618375859481,153.77447530825359
-0.002460761872791248,-153.40436945269371
