Desplacment,Force
0.0030562834633449058,157.95739999306576
-0.0032014489428626993,-158.64268586541166
