Desplacment,Force
0.004004393575441264,186.0595878535699
-0.0041253646231287095,-186.56918562887702
