Desplacment,Force
0.001947740161138336,143.5752256744803
-0.002035494387527483,-144.33990294919352
