Desplacment,Force
0.004791325071753108,189.0192161815431
-0.004689038106274435,-188.66902191038557
