Desplacment,Force
0.00310559503317914,180.0146620238207
-0.0030353627715170536,-179.0700720837745
