Desplacment,Force
0.006305829263572267,216.70078031897015
-0.006788000750454469,-218.14137891216217
