Desplacment,Force
0.0061589407171663,216.21878501591303
-0.006151269677292221,-216.21398686208792
