Desplacment,Force
0.007801718307655206,221.21230069227389
-0.007827891724526423,-221.2906381769928
