Desplacment,Force
0.005020455142968272,212.50804752580223
-0.00503609751565974,-212.5385446146253
