Desplacment,Force
0.004156376975145657,310.55535119177983
-0.005090718655667897,-307.56870179225547
