Desplacment,Force
0.004362405342941715,188.1410543347377
-0.004762894686452868,-189.30946883546812
