Desplacment,Force
0.005697445449777994,321.731919265768
-0.005631510596367463,-320.84188420653106
