Desplacment,Force
0.007067936064064745,330.44085690293895
-0.007181001125666253,-330.94760895630736
