Desplacment,Force
0.004544272434560257,305.5010648965776
-0.004612227685019058,-306.6524914054536
