Desplacment,Force
0.002795791971366374,314.7649927965865
-0.0039566747259206225,-332.4945725334835
