Desplacment,Force
0.003997334779391528,351.7718863205313
-0.004013634235121758,-346.6476252304429
