Desplacment,Force
0.005032769692981589,404.12935423919976
-0.005107210947087491,-407.20921178100514
