Desplacment,Force
0.0032286919698315676,296.1136187430961
-0.003265508212357084,-300.7532545777173
