Desplacment,Force
0.0009787477335221275,120.80107189142038
-0.0017089666782294812,-119.17120494105366
