Desplacment,Force
0.0025649766619221808,154.32938701806566
-0.0024599069744803788,-153.9587514836805
