Desplacment,Force
0.0030551797101742682,158.58961359897268
-0.0032003403821044885,-159.28374341919968
