Desplacment,Force
0.004004676866494748,186.55531975645073
-0.004125564915409474,-187.06796814683835
