Desplacment,Force
0.0019470015657405732,143.9491064212082
-0.0020347299736810623,-144.74453829705186
