Desplacment,Force
0.004791175043398268,189.52796287014672
-0.004689026003156766,-189.1769834185624
