Desplacment,Force
0.003105539080751643,180.44890497543366
-0.0030353942070662707,-179.49278015608309
