Desplacment,Force
0.006306804723304642,216.70372914977074
-0.006789074102776198,-218.14415819587103
