Desplacment,Force
0.00615891200147042,216.21876545162112
-0.006151132413758753,-216.21356919235825
