Desplacment,Force
0.007801548650122106,221.21179110711856
-0.00782782978263314,-221.29045213002018
