Desplacment,Force
0.005020355925094715,212.5077092379051
-0.005036072910264895,-212.5384653515126
