Desplacment,Force
0.0041599830766776424,310.18164434487204
-0.005095065432743798,-307.2396036851637
