Desplacment,Force
0.003994533987917659,367.6989698040516
-0.004225787251534946,-353.19509663624194
