Desplacment,Force
0.00549337370331307,181.93028093960993
-0.005261556228920492,-181.2778788985784
