Desplacment,Force
0.006937845183428986,186.33011275467416
-0.007171942139416138,-187.03265182873537
