Desplacment,Force
0.004425148134799043,178.62319490417957
-0.00458362778903615,-179.13673754581342
