Desplacment,Force
0.0054965904327059735,182.10382878926674
-0.008110242424483792,-190.001142082793
