Desplacment,Force
0.004030206250113117,177.44728541061943
-0.0039193049996756055,-176.76809709608295
