Desplacment,Force
0.005198532589457259,181.24062885021112
-0.005405669777966421,-181.87339460450028
