Desplacment,Force
0.003284592543380941,173.68911898497373
-0.003419390781399708,-174.5713390703926
