Desplacment,Force
0.0013542426568118255,140.93624426934426
-0.0015765077755250676,-148.35115473329876
