Desplacment,Force
0.002516701871539416,228.6991534811217
-0.0024202524599542374,-215.90008073777275
