Desplacment,Force
0.002959608728476484,259.20479972801735
-0.003180155763059923,-268.80081234583804
