Desplacment,Force
0.0039006701565816545,341.7225679446533
-0.003995441414259235,-352.3255030436052
