Desplacment,Force
0.0018942582387069431,177.92821937636214
-0.0020021804822626193,-189.0615638880297
