Desplacment,Force
0.004572283807180281,385.55134767527454
-0.004489269922882128,-375.38754982261224
