Desplacment,Force
0.0029690196062045916,281.17307966018626
-0.0029126914398374423,-271.26674694196805
