Desplacment,Force
0.006339154812270443,315.81888794126564
-0.006560015141941071,-315.8689293393165
