Desplacment,Force
0.005983032695090253,313.4987881693639
-0.005941199838964633,-313.53582493953866
