Desplacment,Force
0.007506227529388561,320.9341604635029
-0.0075476407123444295,-321.02305176220284
