Desplacment,Force
0.00482909202789286,302.5502393221742
-0.004860227145320108,-302.04682309952494
