Desplacment,Force
0.007093564308752648,186.7812858685463
-0.008761603879261982,-191.80169227537812
