Desplacment,Force
0.0036689032454308448,353.35728110259856
-0.003969578767364864,-355.58321934282225
