Desplacment,Force
0.005900738053141797,427.3815503239166
-0.005771704672784188,-425.1058104722386
