Desplacment,Force
0.007204233289324865,457.9381541893528
-0.007411700451163301,-458.5148871203255
