Desplacment,Force
0.004638613314473834,380.52554086922714
-0.004766469498071159,-384.64997141334584
