Desplacment,Force
0.002494388632196364,275.85459450918535
-0.003460178597175099,-315.8153568094076
