Desplacment,Force
0.004153823043100094,380.5128805996039
-0.004058297443385392,-369.79211213163757
