Desplacment,Force
0.005075285466251927,441.29325317437537
-0.005262349038347473,-449.5818335565435
