Desplacment,Force
0.0032597254739636264,308.8905974479711
-0.003371557434682901,-318.91508118641696
