Desplacment,Force
0.0011615371254176904,125.43170643986686
-0.0015203340762732836,-144.96599237382873
