Desplacment,Force
0.0025314945409426583,236.433518522554
-0.0024409855927903998,-224.92596960072845
