Desplacment,Force
0.0029916514324503187,273.2949452565266
-0.0031850910916136625,-282.0968581069624
