Desplacment,Force
0.00423608188012307,381.8760266748258
-0.004286308786271653,-391.5589815581102
