Desplacment,Force
0.0019123236321803817,184.5596888895423
-0.0020269222100754605,-194.3295372980119
