Desplacment,Force
0.004874265367269447,430.62767656105956
-0.00484521845377106,-421.3846950051333
