Desplacment,Force
0.003171960364574266,305.02296501569924
-0.0031504406889108338,-298.1866027412897
