Desplacment,Force
0.006082961070849383,253.97264056592218
-0.006522851995661318,-255.29766153439297
