Desplacment,Force
0.006344779563215676,254.80362205501348
-0.006263768540028092,-254.5389545080476
