Desplacment,Force
0.00788703390038229,259.64169889214486
-0.00800551445780765,-260.0368827386099
