Desplacment,Force
0.005084533681128816,249.67049819413344
-0.005159766807857468,-249.9658946415858
