Desplacment,Force
0.00385902441677645,371.2641227259759
-0.00459554268334024,-365.6077854345882
