Desplacment,Force
0.0034853332172897667,288.7690750373313
-0.003867699434649248,-284.5106016339688
