Desplacment,Force
0.005853928973805394,363.3296060350618
-0.005641173954755845,-362.6157759464481
