Desplacment,Force
0.007070189315772259,375.81937090510684
-0.007351348171297694,-377.5727457386299
