Desplacment,Force
0.004555519909193075,337.96951903091025
-0.004734601137161447,-340.0040285022845
