Desplacment,Force
0.002656440280111505,220.68250659244376
-0.0049309254888106275,-227.7698454249901
