Desplacment,Force
0.004352371890527534,228.03329107801025
-0.00419796818266775,-227.5098411998736
