Desplacment,Force
0.005275597417741933,232.5934935963291
-0.005510064280584994,-233.44816209735376
