Desplacment,Force
0.0033863152140447606,219.78533917955306
-0.0035314525862730887,-219.8490380617075
