Desplacment,Force
0.0010433444199700085,112.43876733653609
-0.0013786874679163643,-131.1164570302034
