Desplacment,Force
0.0025874879461062774,238.90710327312235
-0.0025187478680889597,-227.60430804991873
