Desplacment,Force
0.003073285590631812,271.61697513770054
-0.0032482274059222136,-280.63856385303905
