Desplacment,Force
0.004203240040863464,296.23058009110923
-0.00425479389151397,-298.0174555237072
