Desplacment,Force
0.0019736970999261563,187.36916611508977
-0.002065771653146509,-195.96054652321934
