Desplacment,Force
0.0048538211239504934,310.8175058519151
-0.004826117606536355,-309.66563953128286
