Desplacment,Force
0.003153813657094491,260.0058670800664
-0.003132758552790792,-256.0375304571723
