Desplacment,Force
0.005091609190159916,409.34721742194677
-0.0055828520612261675,-408.91409164028994
