Desplacment,Force
0.006337988061024529,432.52616916362666
-0.006239568377699637,-432.2532324682761
