Desplacment,Force
0.007717347463316678,456.366599083499
-0.00786471282818284,-456.9735177022586
