Desplacment,Force
0.004986994696909829,394.4886162413169
-0.005080904092548599,-393.62029216964186
