Desplacment,Force
0.004362928424582061,351.76805143178734
-0.005700542357084609,-351.1161166508371
