Desplacment,Force
0.004511227636048192,188.12114696918906
-0.004882182359703368,-189.22333609884691
