Desplacment,Force
0.005718163687965075,462.14698828842165
-0.005656551881720762,-459.4883111114947
