Desplacment,Force
0.007053652524593412,512.5807823551029
-0.00718634103126994,-514.6076758855521
