Desplacment,Force
0.004539506127039392,399.738033511081
-0.00461767583559226,-402.4899308194133
