Desplacment,Force
0.0027973569178219547,305.95231825098926
-0.0036986922590212436,-324.1641424418415
