Desplacment,Force
0.003994471661455616,358.37268358498613
-0.003974185876436704,-351.95363136859936
