Desplacment,Force
0.00498260356007446,414.6400415715818
-0.005084056991732352,-418.8483222054731
