Desplacment,Force
0.00319979922202877,297.76900031821924
-0.0032556520780925146,-303.67721826576064
