Desplacment,Force
0.000959019215355194,116.05976858191987
-0.0015635232303155564,-113.34970753896933
