Desplacment,Force
0.002613492356192559,154.81853439486676
-0.002508618223491921,-154.7214969665696
