Desplacment,Force
0.0031109884863742177,158.961797182007
-0.0032588629536609254,-159.56876017510874
