Desplacment,Force
0.004095463256783105,186.4432710580598
-0.004187871471544125,-186.82008685212946
