Desplacment,Force
0.001985393278843065,145.420276009756
-0.002075072522446615,-145.73421446822343
