Desplacment,Force
0.0048772813881704435,189.2994439273855
-0.004803942842530556,-189.05233110006102
