Desplacment,Force
0.0031596451565746118,180.51576763397608
-0.0031085732205000903,-179.8327861424901
