Desplacment,Force
0.0062198676196634555,217.3009798384472
-0.006718379057361176,-218.7949834675393
