Desplacment,Force
0.0062561736755545215,217.3982640295802
-0.006224936418354144,-217.30357108038046
