Desplacment,Force
0.0078881662195506,222.33810631309356
-0.007945477592817926,-222.47019889003633
