Desplacment,Force
0.00507566844597515,213.5502181928133
-0.0051109119393753285,-213.63074661530553
