Desplacment,Force
0.0037822030748670076,384.0759805652554
-0.004417877595017393,-374.43686529257064
