Desplacment,Force
0.003484402481801084,289.2558149288525
-0.003866560810676609,-284.9570329592064
