Desplacment,Force
0.0058540472650628365,363.4542805298492
-0.0056416352579661926,-362.7378883514386
