Desplacment,Force
0.0070706713809533,375.9657314299277
-0.007351510198352144,-377.7197134057091
