Desplacment,Force
0.004555823354569473,338.0518061180125
-0.004734685988394799,-340.0973426634067
