Desplacment,Force
0.002655193689984835,220.67106797793667
-0.004930136885852754,-227.76399497167333
