Desplacment,Force
0.004351831728306498,228.0300274580313
-0.004197681505252753,-227.50577949818668
