Desplacment,Force
0.005275079624780767,232.59145006831534
-0.005509383661391682,-233.4457393517483
