Desplacment,Force
0.003385994269214432,219.77746877574643
-0.003531011413838995,-219.84327217181925
