Desplacment,Force
0.0010436867639565688,112.4540465059472
-0.0013788571373587162,-131.1640988202836
