Desplacment,Force
0.002587117338114714,238.98483112879643
-0.0025184123069090835,-227.67158367593666
