Desplacment,Force
0.003072936680496219,271.78954285698586
-0.0032478407297094904,-280.82377425076055
