Desplacment,Force
0.004203097584565783,296.7910141512127
-0.004254873273290256,-298.6091121721033
