Desplacment,Force
0.001973465456992876,187.39190173478877
-0.0020655178381711018,-195.99626892194058
