Desplacment,Force
0.004853609925758192,311.5243450156628
-0.0048257172264120456,-310.3506048119137
