Desplacment,Force
0.003153723099758371,260.3428294081027
-0.0031325373490123528,-256.3374277034001
