Desplacment,Force
0.005094815847207409,408.65576037315196
-0.005586027011802766,-408.2166217302249
