Desplacment,Force
0.006337567927502725,431.5258430100147
-0.006239276058018759,-431.2461554662381
