Desplacment,Force
0.007717453167040599,455.087017732182
-0.007864616991476562,-455.69404569998784
