Desplacment,Force
0.0049870302735938385,393.80701170214024
-0.005080811777118222,-392.9553870338822
