Desplacment,Force
0.004361375677697405,351.85185946348946
-0.005698911017385719,-351.1897600959831
