Desplacment,Force
0.004366200030964884,187.6472633079834
-0.004766066552459633,-188.8151491158066
