Desplacment,Force
0.005697379570546345,322.2111455282766
-0.005631623785486369,-321.3162886069107
