Desplacment,Force
0.0070676563334407475,330.97194786340174
-0.007180539984273083,-331.4801710820265
