Desplacment,Force
0.004544119227735115,305.87801554646984
-0.004611958571283753,-307.03001831329806
