Desplacment,Force
0.0027982288503151723,314.8821173948859
-0.00395420643436868,-332.7280921237269
