Desplacment,Force
0.003996846025212069,352.1145972314364
-0.004012795330944113,-346.972741561697
