Desplacment,Force
0.005031927596854033,404.74528772787835
-0.005106443721917831,-407.8378140808569
