Desplacment,Force
0.003228150539206288,296.2730261433852
-0.003265060300712016,-300.93061004937437
