Desplacment,Force
0.000978385430744862,120.63875119169718
-0.001710970681639584,-118.90468369486243
