Desplacment,Force
0.0025659662169130962,153.7601097379541
-0.0024607111090510485,-153.3904110426293
