Desplacment,Force
0.0030561173872492406,157.94252530205645
-0.003201184700099385,-158.6275121410257
