Desplacment,Force
0.004004493078746526,186.05994227916636
-0.0041253693283499265,-186.5692847358057
