Desplacment,Force
0.0019476284346904471,143.56335394930622
-0.0020353349724634433,-144.32725682201584
