Desplacment,Force
0.004791390922680239,189.01944415893212
-0.004689154642258101,-188.6693958588132
