Desplacment,Force
0.0031056321303945212,180.0152970122823
-0.003035441126783601,-179.07066900099747
