Desplacment,Force
0.00630731266473921,216.62359608288645
-0.006788993754093084,-218.06278367399707
