Desplacment,Force
0.006159091765861257,216.13765547810695
-0.006151427606315331,-216.13290421549968
