Desplacment,Force
0.0078021125958479725,221.1316931704388
-0.007828207445426295,-221.2097961759312
