Desplacment,Force
0.00502068485476491,212.42847343273954
-0.00503629024556463,-212.45893510735343
