Desplacment,Force
0.004156496139448866,310.53878162571567
-0.005088704076997525,-307.5442754141845
