Desplacment,Force
0.0048966574327547335,271.5454141762061
-0.0050216147143347005,-268.93863180725464
