Desplacment,Force
0.005636234091544626,409.4393129676145
-0.005531307726007637,-405.5376580676736
