Desplacment,Force
0.006993378014477583,438.54895214407645
-0.00712725092571169,-440.26992251602866
