Desplacment,Force
0.004485775516385628,366.49563434659456
-0.0045726103983633,-369.1126998786905
