Desplacment,Force
0.0053198568343830145,162.99656789298416
-0.0073813214330901164,-169.04426178365415
