Desplacment,Force
0.003875999922250076,158.52297726447927
-0.0037478018669973466,-157.90664216329668
