Desplacment,Force
0.00496483049686121,161.91449574117703
-0.005144818442465004,-162.46436550442886
