Desplacment,Force
0.003149040880200808,155.45118249470218
-0.0032667007087226695,-156.12846292367928
