Desplacment,Force
0.0009793156216549217,115.08639601062357
-0.00162544972330199,-119.29971344949631
