Desplacment,Force
0.0026866637725715685,156.06291134798306
-0.0025943590301179226,-155.7329676437004
