Desplacment,Force
0.003239419051072464,159.9749337014821
-0.00337897041885787,-160.6101164356029
