Desplacment,Force
0.0038608440996147995,257.26689285112195
-0.00393468130632867,-259.1276944703206
