Desplacment,Force
0.002051758065504813,146.92303767885562
-0.0021373622831896005,-147.5173077325448
