Desplacment,Force
0.004602363332939946,268.47215568840886
-0.004517030463457051,-267.11643935095833
