Desplacment,Force
0.0029792964950785096,233.24743616047044
-0.0029246792791032517,-228.93082743624439
