Desplacment,Force
0.006929039030402747,155.14999911704606
-0.007256893623464166,-156.13354788827542
