Desplacment,Force
0.0059446296955074805,152.16728037018447
-0.005959935117004712,-152.242406393662
