Desplacment,Force
0.00766202870150103,157.34897345132285
-0.007635063942333093,-157.26807917381902
