Desplacment,Force
0.004915381697344451,149.1041949964101
-0.004901744404598328,-149.06269906790757
