Desplacment,Force
0.004924146053396735,410.1886187401149
-0.005718881451634553,-397.3207339354667
