Story,Max Ductility
1,3.1800216188305632
2,3.0941548957499334
3,3.615246383082238
4,5.587000686825719
5,1.5681254266615046
