Desplacment,Force
0.004863644170730879,314.10003904909877
-0.004924438288461354,-305.2765669584703
