Desplacment,Force
0.0053710517618642695,182.13134291018542
-0.005167262480108359,-181.51219683086137
