Desplacment,Force
0.006889318305904134,186.70682464252778
-0.0070497632329487485,-187.18835651194462
