Desplacment,Force
0.004379771693429126,178.98911978452117
-0.004496164991037239,-179.36958914958367
