Desplacment,Force
0.006599413721698623,185.474596565051
-0.008638925270604673,-191.59150342872204
