Desplacment,Force
0.0037972705185419127,176.57894100083035
-0.00380358979442327,-176.15540317006878
