Desplacment,Force
0.005063831357955481,180.7926883683376
-0.005206273321156533,-181.26529067124642
