Desplacment,Force
0.003180593754442061,172.9431782785736
-0.003277790085386942,-173.73261161205266
