Desplacment,Force
0.0014550462352487957,147.0768256146449
-0.0016366963766703737,-155.23869935815645
