Desplacment,Force
0.0024750221913844746,228.70580732676126
-0.0023427251801178845,-217.20915053304344
