Desplacment,Force
0.0029434256442594274,263.62204394950027
-0.00313480006310369,-272.54846999132656
