Desplacment,Force
0.003797576720660498,285.51083019826575
-0.0038435381920986105,-288.5338789831091
