Desplacment,Force
0.001840407241615998,177.93147609868083
-0.001966982955968228,-187.5758414959162
