Desplacment,Force
0.004491133775272973,305.71304151893577
-0.004409825141766437,-302.49456478215853
