Desplacment,Force
0.0029059242485588383,249.0693088741892
-0.0028559443622790566,-242.4288534163035
