Desplacment,Force
0.007155111767577223,223.84055222091033
-0.007222480499133868,-224.04151886386992
