Desplacment,Force
0.005871633329297893,219.9092326107445
-0.005862718505620462,-219.89306088986075
