Desplacment,Force
0.007524811416777599,224.96766027731417
-0.007492021594377594,-224.86799849304248
