Desplacment,Force
0.004825225161833161,216.2847726208537
-0.004813187464963354,-216.17039483243525
