Desplacment,Force
0.007669503067877367,189.04819067466397
-0.00882236793384164,-192.50641551175687
