Desplacment,Force
0.003482292928523104,288.68494531167016
-0.003867544376579075,-284.49034107121776
