Desplacment,Force
0.005854356118998469,363.625318279477
-0.0056424974017831265,-362.91036469344346
