Desplacment,Force
0.007070979271448329,376.1620814486284
-0.007351646339662621,-377.9180662450315
