Desplacment,Force
0.004556144363169873,338.17470782468786
-0.004734817026559274,-340.22392399609464
