Desplacment,Force
0.002644347726902253,221.0827040239251
-0.004921057626371869,-228.21498176991898
