Desplacment,Force
0.004352493823482815,228.56727740915906
-0.00419953976007351,-228.05042370043972
