Desplacment,Force
0.0052760043959631945,233.16313566672977
-0.0055098223785060175,-234.01856849834186
