Desplacment,Force
0.003386785611315944,220.2389765205366
-0.0035313607339830504,-220.2994570998909
