Desplacment,Force
0.001043043754437951,112.43336103333259
-0.0013788642234022009,-131.10991892899764
