Desplacment,Force
0.002587500138113049,238.84056560378517
-0.0025187664194367943,-227.5416313479024
