Desplacment,Force
0.0030732823055594576,271.4850480566385
-0.0032482063873823224,-280.49917624567945
