Desplacment,Force
0.00420381014140692,296.24685320298636
-0.0042556840099929215,-298.03772773732004
