Desplacment,Force
0.001973701604651556,187.34344020517727
-0.002065792456402814,-195.92364913945715
