Desplacment,Force
0.0048546021810683656,310.8288136068513
-0.004826765271262533,-309.67675111271717
