Desplacment,Force
0.0031543544376730396,260.02994639351493
-0.0031331826468039455,-256.05994691371393
