Desplacment,Force
0.005089911993524105,409.2963999700538
-0.0055827488135724405,-408.89991926184445
