Desplacment,Force
0.006338612412877223,432.5402039355075
-0.006240265653051664,-432.26642991843494
