Desplacment,Force
0.007718023649275096,456.37379349714445
-0.007865510153538598,-456.9817070030863
