Desplacment,Force
0.004987480910244299,394.5049657273647
-0.005081421418655114,-393.6401038380605
