Desplacment,Force
0.004355193737756154,351.8982560610788
-0.00569368357629662,-351.2202737944761
