Desplacment,Force
0.0041840734781300876,340.7671777522438
-0.004411199524092984,-330.44127150858105
