Desplacment,Force
0.005696743951376182,410.6120273407053
-0.005601015847148088,-406.9566790830887
