Desplacment,Force
0.0070473782171778295,438.7795907039696
-0.007183991929992103,-440.46536974218793
