Desplacment,Force
0.0045269083467736415,367.9590107701488
-0.004613556094272759,-370.57485920632206
