Desplacment,Force
0.004620895731469453,160.8974139803544
-0.007287688091168232,-168.87425037847123
