Desplacment,Force
0.004004408520135165,158.93841234880642
-0.00385167381524967,-158.3758178638356
