Desplacment,Force
0.005052350359132074,162.18337779460916
-0.0052431834546147,-162.72581718737112
