Desplacment,Force
0.0032161455938714556,155.76918926492203
-0.003338244514553773,-156.40926606432495
