Desplacment,Force
0.001355999295756534,110.20897703042475
-0.0018640786372432568,-106.88310129593633
