Desplacment,Force
0.002746445399653398,120.58486281251221
-0.0026003845572315095,-119.96338005567343
