Desplacment,Force
0.003257543587253705,122.32724804908484
-0.003447377155576746,-122.91488417004936
