Desplacment,Force
0.003909078668989644,315.1401639454914
-0.00403207677562739,-322.853077789649
