Desplacment,Force
0.002065861552218367,117.38405939166512
-0.0021852554454635654,-117.70566391938097
