Desplacment,Force
0.0046275626433996304,345.4696165140634
-0.004514118727818164,-339.2731186574415
