Desplacment,Force
0.003006476301525551,269.4758535862751
-0.0029301757753297576,-259.8779713912769
