Desplacment,Force
0.0067687544944316225,154.54752979039046
-0.007117305737499895,-155.59316727962116
