Desplacment,Force
0.0059388954173119944,152.05764589965625
-0.0059461476779923295,-152.079421318244
