Desplacment,Force
0.007620037064123286,157.10138805101872
-0.007611350547458824,-157.07532850102533
