Desplacment,Force
0.004894107188360076,148.9185420870366
-0.004890665341722631,-148.90776576150202
