Desplacment,Force
0.004622751767198283,402.9010201298223
-0.005724776525380151,-396.8565303027411
