Desplacment,Force
0.004363386779478956,187.63856663796105
-0.004764478077079931,-188.8093859272301
