Desplacment,Force
0.005696434833629794,320.91993397372636
-0.005630549807714549,-320.04142208384013
