Desplacment,Force
0.007067446000835998,329.54981127366415
-0.007180144679520875,-330.0515457075374
