Desplacment,Force
0.004543882218407667,304.8568622921087
-0.0046116293859718525,-306.00123624414664
