Desplacment,Force
0.002796778585066919,314.93227096592966
-0.003963165629280423,-332.5274105881047
