Desplacment,Force
0.003997132975123784,351.432125872217
-0.0040141571789431936,-346.33423649684136
