Desplacment,Force
0.005033371994208975,403.56738214320336
-0.005107279978347504,-406.6242450885739
