Desplacment,Force
0.0032290431892865873,295.95644958632516
-0.0032654895327054625,-300.5655581626552
