Desplacment,Force
0.0009795828633586577,120.8184562903853
-0.0017087719827502072,-119.15643272620083
