Desplacment,Force
0.0025648135930750535,154.32739252145817
-0.0024594124057984636,-153.95442940035204
