Desplacment,Force
0.0030548639896912145,158.58764202142117
-0.0032000937383071673,-159.2823835514044
