Desplacment,Force
0.0040037685584492135,186.0568010542082
-0.004124860416629686,-186.56694925880464
