Desplacment,Force
0.0019467514239920232,143.93977478718205
-0.002034534272472612,-144.7393552748667
