Desplacment,Force
0.004790630389873617,189.01691219765104
-0.00468821553716696,-188.66621737303888
