Desplacment,Force
0.003105147826890264,180.01001831701282
-0.0030348343790750003,-179.06397875498038
