Desplacment,Force
0.006307355139398029,216.7054289293108
-0.00678947536726688,-218.1443895451626
