Desplacment,Force
0.006157992422768125,216.21562324114723
-0.006150443936045825,-216.21146146625568
