Desplacment,Force
0.007800737938400041,221.2093564891544
-0.007826694348150146,-221.2870407423866
