Desplacment,Force
0.005019818196416943,212.50586586288216
-0.005035326624472087,-212.53578939573887
