Desplacment,Force
0.004165732585309597,309.5725950047557
-0.005104648949647984,-306.7005761995911
