Desplacment,Force
0.004891577608456563,271.3870939565665
-0.005015682450925161,-269.1092137030433
