Desplacment,Force
0.005628644170248046,408.8352591358488
-0.005528999659231622,-405.08374732279816
