Desplacment,Force
0.006985333254089397,437.9432838223992
-0.007112068401988882,-439.563102847863
