Desplacment,Force
0.004481085092122186,366.0692931567546
-0.004563450546069455,-368.46584093206394
