Desplacment,Force
0.005325696238815479,163.01411293842946
-0.007471548868843671,-169.26430496660106
