Desplacment,Force
0.0038726389027533147,158.5132114518801
-0.0037528007422253542,-157.92813167851372
