Desplacment,Force
0.004965421165641307,161.92066602012903
-0.00514387522599008,-162.46157667602506
