Desplacment,Force
0.003149681761952557,155.45949874430534
-0.003266327730073294,-156.13000675338557
