Desplacment,Force
0.001152662464367211,106.76672644900837
-0.00180189298819969,-105.65794533394275
