Desplacment,Force
0.002731611764142128,120.5285823678258
-0.00261656583981109,-120.00245827146797
