Desplacment,Force
0.00327260393827699,122.37285505899254
-0.003425892483074242,-122.84832639048554
