Desplacment,Force
0.003834079870619448,256.8119022878358
-0.0039284353293193245,-259.05621523428647
