Desplacment,Force
0.0020727549985407453,117.20487404269045
-0.0021688644642655222,-117.58990250743085
