Desplacment,Force
0.0045936729927636534,268.3565433867783
-0.004489869814553199,-266.84071002018663
