Desplacment,Force
0.0029742446306671713,233.0250410947477
-0.002906835687940137,-228.3003690340059
