Desplacment,Force
0.006924133077010136,155.07573250123346
-0.007226751157329865,-155.98357075181053
