Desplacment,Force
0.005929503155867836,152.09152050978184
-0.005949431930922917,-152.1513398655785
