Desplacment,Force
0.007650003975080642,157.25335019284418
-0.0076152022140971685,-157.14894490989374
