Desplacment,Force
0.004907521413011679,149.02098105789352
-0.004889032763005732,-148.96485253490607
