Desplacment,Force
0.004877493840886215,408.9725813931784
-0.005734787287814484,-397.34438203678474
