Desplacment,Force
0.004562324215991122,118.07867290317463
-0.00502339224613333,-119.46599267017342
