Desplacment,Force
0.005683278314295781,322.1603960137297
-0.005590458419067371,-320.9310241376901
