Desplacment,Force
0.007002995429660438,330.68233093909384
-0.007155145466872262,-331.3174100735117
