Desplacment,Force
0.004507334387611994,305.1589461238169
-0.004599558209981895,-306.6833136087314
