Desplacment,Force
0.0027395998867268856,314.4574720910802
-0.004096284559087665,-340.33662443516243
