Desplacment,Force
0.004064451877272532,356.3594512416704
-0.00406738460285522,-350.2081772619808
