Desplacment,Force
0.005099927919200098,407.7729283729018
-0.005198954154140386,-411.6717068363162
