Desplacment,Force
0.0032747989564266516,299.76168712679777
-0.0033261154460730376,-305.3100465920801
