Desplacment,Force
0.0007210911208515483,101.9335112869755
-0.0015496632111547666,-92.50226226893858
