Desplacment,Force
0.002642834604495731,132.58034463709657
-0.0025484533396002646,-132.04704338464694
