Desplacment,Force
0.0031077038366723315,134.6466890289368
-0.00327078388049181,-135.1933976273938
