Desplacment,Force
0.004033836432833674,116.49562358080351
-0.004116583459774759,-116.74421721604759
