Desplacment,Force
0.0019844354351130074,127.55053215044882
-0.0020830802112275157,-127.84701713154064
