Desplacment,Force
0.004831667690284021,118.8908802900684
-0.004762666876335179,-118.68383669996327
