Desplacment,Force
0.003124364762557132,113.72732034598947
-0.003076500549897609,-113.55966282218445
