Desplacment,Force
0.005538594211252769,340.5035517945936
-0.006079285609646504,-341.4200645686193
