Desplacment,Force
0.006268086656363573,345.0372497339995
-0.006254827601905227,-345.1757772858981
