Desplacment,Force
0.007817070134642386,354.1616147478007
-0.007876672070034533,-354.29404972062326
