Desplacment,Force
0.0050402843273879925,330.3411915326094
-0.0050745891172965345,-329.74519307848306
