Desplacment,Force
0.004124755421328883,310.51260298006673
-0.005222248669818185,-309.2889501157387
