Story,Max Ductility
1,3.188330797752561
2,3.1064999234155284
3,3.6184110075169325
4,5.6450440752220725
5,1.579214626197947
