Desplacment,Force
0.0034868882865304153,288.81639958277543
-0.003868882508424171,-284.54747146340776
