Desplacment,Force
0.005853649788786935,363.4485982666321
-0.0056412291831738895,-362.73118453183747
