Desplacment,Force
0.007070313090926619,375.9632826096058
-0.007351037991086419,-377.7168570495553
