Desplacment,Force
0.00455556365293636,338.0395382236307
-0.004734369359956025,-340.0887771894005
