Desplacment,Force
0.002657552556609279,220.69303015493875
-0.0049301895225715466,-227.7643632241106
