Desplacment,Force
0.0043511962751613025,228.0261475715811
-0.004197051901516033,-227.50208994119112
