Desplacment,Force
0.00527460243757885,232.58942234031946
-0.005508757462810026,-233.44352335205022
