Desplacment,Force
0.00338564320062952,219.7705742845767
-0.003530586912907297,-219.8377360317826
