Desplacment,Force
0.0010438802189211601,112.43194813989746
-0.001378544606760968,-131.1696082339413
