Desplacment,Force
0.002586759419388636,239.06247579759173
-0.002518119622101487,-227.74849774717143
