Desplacment,Force
0.003072629705121861,271.97105486571223
-0.003247397222093742,-281.01226397183865
