Desplacment,Force
0.004202934283988585,296.22288932838546
-0.00425462199896761,-298.0126394507574
