Desplacment,Force
0.00197326099104467,187.4172266386817
-0.002065223419129143,-196.03014192590356
