Desplacment,Force
0.004853694231967504,310.81512786662114
-0.004825790864411057,-309.6603531565483
