Desplacment,Force
0.003153730661927858,260.00101394416936
-0.0031325512672614685,-256.0276821920249
