Desplacment,Force
0.005095517901829563,408.63542869844895
-0.005586285009851419,-408.18473008184884
