Desplacment,Force
0.00633755431517346,431.4698089239957
-0.006239338895879571,-431.1917082030251
