Desplacment,Force
0.007717659317278694,455.0178862342905
-0.007864667333641178,-455.62330350126706
