Desplacment,Force
0.004987133374386356,393.7732439864474
-0.005080824068014923,-392.9185301538071
