Desplacment,Force
0.004362530524056839,351.8733510578391
-0.005699006275097056,-351.1918523186176
