Desplacment,Force
0.004366604970955836,187.6486220996882
-0.004766445354885134,-188.81653747766234
