Desplacment,Force
0.005697766489306464,322.94463281149666
-0.00563219815318845,-322.0400537566053
