Desplacment,Force
0.0070677341200761894,331.7815945145616
-0.007180709757744406,-332.2936210833975
