Desplacment,Force
0.004544241896875464,306.45626611174254
-0.004612104011934859,-307.6131207327672
