Desplacment,Force
0.0027968718483278848,314.75378806481075
-0.003952521376095506,-332.6338722532897
