Desplacment,Force
0.003996907585887857,352.11555528466386
-0.0040127219174108135,-346.9726539273881
