Desplacment,Force
0.0050316870290165894,404.7379016203361
-0.005106369904279408,-407.8344972380345
