Desplacment,Force
0.003228046594221647,296.2670743772481
-0.0032650518662507037,-300.92906742607494
