Desplacment,Force
0.000977285775277687,120.58462396774767
-0.0017101420991269749,-118.85552773639544
