Desplacment,Force
0.0025663531293639696,153.76417013753857
-0.0024611617626269177,-153.39663321537438
