Desplacment,Force
0.0030566424681783746,157.94555053194162
-0.003201638373986875,-158.6297481663434
