Desplacment,Force
0.0040050285744343515,186.0623032050997
-0.004125739143119144,-186.5708921866369
