Desplacment,Force
0.0019480083930040948,143.5750449951927
-0.002035650546524896,-144.33444284548585
