Desplacment,Force
0.0047918734929320705,189.02103944840007
-0.004689806927614485,-188.67161292708963
