Desplacment,Force
0.0031059427135468917,180.01837393151808
-0.0030358603480018015,-179.075428722524
