Desplacment,Force
0.006305649105276381,216.70020689839086
-0.006787732590263935,-218.14132136535892
