Desplacment,Force
0.006159715932434095,216.2213318526307
-0.0061519689619373335,-216.21613051312227
