Desplacment,Force
0.007802619769553069,221.21500806221883
-0.007828913162784383,-221.29370704010557
