Desplacment,Force
0.005021029259000262,212.510031009305
-0.00503675055021823,-212.54088267578905
