Desplacment,Force
0.004151685922638986,311.1076572382722
-0.005081992238224717,-308.05294510883397
