Desplacment,Force
0.0037071386776856676,354.30114140893977
-0.003985967420200996,-344.1704170777062
