Desplacment,Force
0.00582441159831215,441.34319078375603
-0.005697525873046123,-436.69938732409844
