Desplacment,Force
0.007130688317879397,479.42920341077826
-0.007328985256478726,-480.58298494170486
