Desplacment,Force
0.004588826563707145,387.62732464545684
-0.004712908818055025,-392.3900379647372
