Desplacment,Force
0.0032189180152615705,202.18097754784696
-0.005339583137773772,-208.6185013347542
