Desplacment,Force
0.0041927889106675,205.3798180076337
-0.004045292063547578,-204.5312325738545
