Desplacment,Force
0.005129828591678994,209.15318003617605
-0.005338449772118162,-209.848148527015
