Desplacment,Force
0.0032855408526955114,199.2666137044723
-0.0034162379990548687,-199.5843876900361
