Desplacment,Force
0.0012209091617902197,125.59916160168687
-0.0014586469424483883,-142.04749641270467
