Desplacment,Force
0.0025900062520536546,247.5884085375144
-0.00242935808006497,-235.63618850595077
