Desplacment,Force
0.003067321972270953,290.9941351364577
-0.003263511047056622,-301.65759488461674
