Desplacment,Force
0.004121323475073186,358.06149349393877
-0.004192936692356013,-366.82518395220404
