Desplacment,Force
0.00194895949500084,191.6822054347656
-0.0020721437607623696,-201.32878609583972
