Desplacment,Force
0.004770576816473183,399.45755085638126
-0.004722769755309124,-391.62847678417194
