Desplacment,Force
0.0031036083860011584,292.37821354508225
-0.0030691639113532144,-284.724515463979
