Desplacment,Force
0.006259336175523552,212.75236111887133
-0.00662640281321605,-213.84930134339538
