Desplacment,Force
0.006173130193122272,212.47956330045764
-0.006095131403171613,-212.2426031825378
