Desplacment,Force
0.00771780440118087,217.15111874181557
-0.007812445318270771,-217.41568505358498
