Desplacment,Force
0.004969225227943975,208.58227318519516
-0.005031853622201664,-208.76811616857512
