Desplacment,Force
0.0042124499282725535,407.0428305820966
-0.005140446452712951,-399.81976274071627
