Desplacment,Force
0.004364910112423269,187.64333915651588
-0.004765153713736389,-188.8119078421713
