Desplacment,Force
0.005696989641091544,321.7276969931778
-0.005631227808418676,-320.8390556828145
