Desplacment,Force
0.007067634678123511,330.4394384316182
-0.007180447045388362,-330.9452167588829
