Desplacment,Force
0.0045440658163139434,305.49665114719244
-0.004611861541495082,-306.6459669882342
