Desplacment,Force
0.002796803752151199,314.85687684723786
-0.003958339268109962,-332.5879410319428
