Desplacment,Force
0.0039969822517834045,351.7515684577543
-0.004013520187770476,-346.63590325875106
