Desplacment,Force
0.005032642134312518,404.12048678078577
-0.00510684584981567,-407.1930749598052
