Desplacment,Force
0.0032286001794061404,296.10439600745735
-0.0032652629693198628,-300.73541835333106
