Desplacment,Force
0.000978318787463386,120.7676593617307
-0.0017082980976508017,-119.11511797316798
