Desplacment,Force
0.0025650363721659874,154.32987474238223
-0.002459856796523918,-153.9596970467535
