Desplacment,Force
0.0030552892926709162,158.58991743215608
-0.0032003539217748704,-159.2836863049888
