Desplacment,Force
0.004004432507550407,186.0596549716433
-0.004125267231358941,-186.56878495437235
