Desplacment,Force
0.0019470668559589727,143.94969255275004
-0.002034735625833891,-144.74403875227623
