Desplacment,Force
0.004791212238475894,189.01884404931147
-0.004689020940957186,-188.66893582120747
