Desplacment,Force
0.0031055181283381377,180.0139057800738
-0.0030353550439043476,-179.0696368301215
