Desplacment,Force
0.006306929097447749,216.70411186569746
-0.006789090650405568,-218.1440072075805
