Desplacment,Force
0.006158785356781505,216.2182526754045
-0.006151156465666473,-216.2136459302784
