Desplacment,Force
0.007801631426630199,221.21203996390724
-0.007827729923679597,-221.2901521262206
