Desplacment,Force
0.005020390546194175,212.50784633362377
-0.005035989028691399,-212.53816470861196
