Desplacment,Force
0.004160506444089118,310.1890419028993
-0.005095499282533479,-307.2439055607453
