Desplacment,Force
0.0048975336990793915,271.570033459021
-0.005023172421138233,-268.93530238657155
