Desplacment,Force
0.005635839988753761,408.69370116467775
-0.005530241104732999,-404.79541802759303
