Desplacment,Force
0.006993078713677719,437.53455461458555
-0.007127079463077851,-439.24382430275546
