Desplacment,Force
0.004485455819527818,366.01200503970307
-0.004572462318446199,-368.6281718042807
