Desplacment,Force
0.005326853306927235,163.01757210253896
-0.00738632592901773,-169.0553394950598
