Desplacment,Force
0.0038756193510603946,158.52184176375985
-0.003747710700198666,-157.90632246128416
