Desplacment,Force
0.004964758393851293,161.91412522720972
-0.0051447051589987415,-162.46402396602326
