Desplacment,Force
0.003148843430196906,155.4500692291922
-0.003266558567812257,-156.12785025814125
