Desplacment,Force
0.000980177588351965,115.14801989726485
-0.0016258085963076238,-119.38989833052639
