Desplacment,Force
0.00268601815538192,156.27134186966904
-0.0025938623005783406,-155.94102379587176
