Desplacment,Force
0.003238882170987435,160.20922924237186
-0.0033782623964578734,-160.84673432205727
