Desplacment,Force
0.003860502884339223,257.2594277342072
-0.003934111056133293,-259.11866254083463
