Desplacment,Force
0.0020513470672926873,147.06581473018366
-0.0021368625747560676,-147.67167082207777
