Desplacment,Force
0.00460184268261766,268.4672965808433
-0.004516543153946103,-267.1107778778022
