Desplacment,Force
0.0029789215455506756,233.23435354065936
-0.0029243741163565338,-228.91760424561147
