Desplacment,Force
0.006931323649971458,155.09730415672524
-0.007258022916873,-156.07738706445258
