Desplacment,Force
0.005944068640006908,152.10691089004996
-0.005959415154369395,-152.18129934757667
