Desplacment,Force
0.007661615201321897,157.28818387156792
-0.007634449528059635,-157.20668685178114
