Desplacment,Force
0.004915078466259713,149.04376360472847
-0.004901343083561263,-149.00197436055117
