Desplacment,Force
0.004932294302311536,409.6376872709018
-0.005727019298885259,-396.86404685648165
