Desplacment,Force
0.0043638141429715276,187.63980363867674
-0.004764924534199017,-188.81092694938536
