Desplacment,Force
0.005696606030450359,321.1081351157795
-0.005630688624486367,-320.22687259485497
