Desplacment,Force
0.0070673921448799245,329.7563345879636
-0.0071801535381596625,-330.25913779019
