Desplacment,Force
0.004543868754661561,305.0049449302674
-0.004611656802144268,-306.15046798767736
