Desplacment,Force
0.0027974971462652607,314.95104930037246
-0.003961422059310064,-332.59425374506344
