Desplacment,Force
0.003997123322971509,351.59489246921913
-0.004013851997553107,-346.48349415829847
