Desplacment,Force
0.005033081552097554,403.8426050364434
-0.005107156836711296,-406.90957132323524
