Desplacment,Force
0.0032288643596118157,296.0322164476076
-0.003265440443653401,-300.65458943823046
