Desplacment,Force
0.0009798336099515461,120.72923747211232
-0.0017107048875481222,-119.00522317218437
