Desplacment,Force
0.002565490421873129,153.9087638259661
-0.002460166424789669,-153.53571625111985
