Desplacment,Force
0.003055413978507409,158.11165762470281
-0.003200691503010187,-158.80011446685955
