Desplacment,Force
0.004003705342646408,186.05657055717396
-0.004124876290789091,-186.5670374079635
