Desplacment,Force
0.0019471208697978526,143.65502238935161
-0.002034959774294859,-144.43308776586622
