Desplacment,Force
0.004790661088248726,189.01701934642986
-0.004688179611855016,-188.66610786678436
