Desplacment,Force
0.0031051682203279527,180.01036270592928
-0.0030348104368351963,-179.06385873725768
