Desplacment,Force
0.0063071671281622966,216.70485510550057
-0.006788997885164323,-218.14338552569401
