Desplacment,Force
0.006158105648752012,216.21595193611518
-0.006150536501541185,-216.2117406021248
