Desplacment,Force
0.007800875531846297,221.20976946981045
-0.00782683742581735,-221.28747047390286
