Desplacment,Force
0.005019904773898133,212.5061429428702
-0.00503542087218938,-212.5361133088986
