Desplacment,Force
0.004163780220662522,309.7045199979625
-0.005101738059016682,-306.81285444195294
