Story,Max Ductility
1,3.1934645549075564
2,3.1189617320309178
3,3.6421678979227874
4,5.656500455396927
5,1.5816691377106058
