Desplacment,Force
0.004175496417765111,186.95835039614045
-0.004593851988314225,-188.14805252818928
