Desplacment,Force
0.005747392040826494,322.749666909087
-0.005622134693115941,-321.35648919162014
