Desplacment,Force
0.007040938780337973,330.83283988456765
-0.007226068274688208,-331.67759671470367
