Desplacment,Force
0.004532726301505674,306.2549952297442
-0.004646700244522136,-307.7380996162379
