Desplacment,Force
0.0026095479985510824,300.420992635496
-0.003828088328029313,-325.05801387877983
