Desplacment,Force
0.0041027793916020286,358.55364856929236
-0.004079865463455373,-351.7542629175493
