Desplacment,Force
0.005108852371687857,408.78106238424306
-0.0052311503619995306,-413.0685299680818
