Desplacment,Force
0.003281206901058322,300.61570993618676
-0.0033478299042917696,-306.9420059749463
