Desplacment,Force
0.0007893077729854101,109.73744239727519
-0.001560246836657641,-108.8484570559446
