Desplacment,Force
0.002591974808152233,154.96242923150072
-0.0025480801150044234,-154.39409617137585
