Desplacment,Force
0.0030734843062107365,158.75403768096496
-0.0032260221342314023,-159.44058285300375
