Desplacment,Force
0.0040963799284392186,186.4605162482352
-0.00418623387640329,-186.81778447835552
