Desplacment,Force
0.001977695738105693,144.59711910535833
-0.002053683578193523,-145.78831299653316
