Desplacment,Force
0.004853299004921046,189.22350090315703
-0.00478673646562507,-188.97242935756407
