Desplacment,Force
0.003145539756484518,180.41191848228885
-0.003098540319017401,-179.73691933014715
