Desplacment,Force
0.005547867544192241,340.3581974271154
-0.006097342655491212,-341.46644776404827
