Desplacment,Force
0.0062937689449956554,345.19678942291074
-0.006260714811818299,-345.16059376138475
