Desplacment,Force
0.007819372013110197,354.04614697252754
-0.00789479533096272,-354.29541330492697
