Desplacment,Force
0.005043855393198184,330.36578959772254
-0.00508876356716665,-329.97203022585404
