Desplacment,Force
0.0040994668535623315,309.8643131438817
-0.005154328038593611,-308.58710855510924
