Desplacment,Force
0.004367151452692879,187.65065185791659
-0.004766597176854124,-188.81719997466206
