Desplacment,Force
0.005697204793846027,322.2080782145582
-0.00563179806211599,-321.31692322720176
