Desplacment,Force
0.007068016571489396,330.97319545560083
-0.007180396229295042,-331.47953223639774
