Desplacment,Force
0.004544312878548029,305.87980973186535
-0.004611834307385518,-307.03003231303904
