Desplacment,Force
0.0027992644603580877,314.9601310576682
-0.003954974463029989,-332.77191560308046
