Desplacment,Force
0.003996349460979972,352.08477326678224
-0.004012527069769922,-346.95231842545513
