Desplacment,Force
0.005031618277499729,404.7271809413862
-0.00510588127220474,-407.8118930653585
