Desplacment,Force
0.0032279210429870526,296.2542407330011
-0.003264671753180971,-300.90084685184826
