Desplacment,Force
0.0009787537131236868,120.7456821068597
-0.0017104505625967943,-119.05754011410384
