Desplacment,Force
0.0025652813112289345,154.07735817917197
-0.0024600708674447527,-153.707267148842
