Desplacment,Force
0.0030556290113865296,158.30411033015807
-0.0032006037364171597,-158.99396673826035
