Desplacment,Force
0.004004170293544838,186.05835997891216
-0.004125132246759055,-186.5682618811128
