Desplacment,Force
0.0019472805902924358,143.77841555466986
-0.002034921157500496,-144.55826979867896
