Desplacment,Force
0.0047911602944481005,189.0186616378781
-0.004688782719153762,-188.66809222453273
