Desplacment,Force
0.0031054841014185523,180.0135160539272
-0.003035203457870118,-179.06747356853637
