Desplacment,Force
0.006312490403079666,215.9894926622939
-0.006794170461735022,-217.42760678511007
