Desplacment,Force
0.006158328159634158,215.48636892788994
-0.006150805677288992,-215.4819743467963
