Desplacment,Force
0.007802100131671743,220.48086963927648
-0.00782784483935529,-220.5579291392559
