Desplacment,Force
0.005020599053013643,211.78864418571965
-0.005035994194807148,-211.8188913142716
