Desplacment,Force
0.004157635209001127,310.55130320471005
-0.005088962537522214,-307.5497460378455
