Story,Max Ductility
1,3.2208611080306624
2,3.099192118621095
3,3.659143757972204
4,5.586475022438501
5,1.412418953237514
