Desplacment,Force
0.0034860042591909344,288.78962088565163
-0.0038683197814001914,-284.5289216565131
