Desplacment,Force
0.0058538355738688205,363.45119191372834
-0.005641286466718124,-362.73585869130784
