Desplacment,Force
0.007070299761735563,375.9634045804129
-0.0073512290368204026,-377.7179895013596
