Desplacment,Force
0.004555580188766349,338.04796876490326
-0.004734511307276997,-340.0924902744784
