Desplacment,Force
0.002656521903498957,220.68364717476072
-0.004930244893027009,-227.7647929166457
