Desplacment,Force
0.00435180106489217,228.02982659818844
-0.004197561711438679,-227.50610225940682
