Desplacment,Force
0.005275105179683549,232.591514659926
-0.00550940610785737,-233.44582714133267
