Desplacment,Force
0.003385990987594165,219.77815607687836
-0.003531019960775832,-219.84340550174915
