Desplacment,Force
0.0010436851252879904,112.43094415541287
-0.001378565787413437,-131.14908368156725
