Desplacment,Force
0.0025871041854686233,239.01879296419511
-0.002518395044577449,-227.7062422874088
