Desplacment,Force
0.0030729276203662883,271.85738156072597
-0.003247787010163632,-280.89441677873805
