Desplacment,Force
0.004203140529718986,296.2282181529276
-0.004254769666836252,-298.01645844318733
