Desplacment,Force
0.001973457726753413,187.4064084926183
-0.002065483074202237,-196.01272033412647
