Desplacment,Force
0.004853824594908899,310.81728858171664
-0.004826020551561958,-309.6641300075055
