Desplacment,Force
0.0031538160129578694,260.0053327132153
-0.0031326973199303746,-256.0347538795831
