Desplacment,Force
0.005093466523200427,408.99871431452584
-0.005584485036680565,-408.55819503428563
