Desplacment,Force
0.006337839834772287,432.01275914066304
-0.0062395133023617185,-431.7371380968329
