Desplacment,Force
0.007717565960413427,455.7097507784051
-0.007864768196245608,-456.31607025505343
