Desplacment,Force
0.004987106342896916,394.1417674350985
-0.005080915103928995,-393.28032443949246
