Desplacment,Force
0.004362290115759647,351.868403838175
-0.005699273738252588,-351.1969893759744
