Story,Max Ductility
1,3.1916199441409496
2,3.1062535041481656
3,3.64097755301093
4,5.652562916094171
5,1.5797588688712005
