Desplacment,Force
0.003486773236665423,288.8115119477173
-0.0038688066637671053,-284.54605512053354
