Desplacment,Force
0.005853665362330599,363.50868091083413
-0.005641290627806351,-362.7910691615469
