Desplacment,Force
0.007070250515156524,376.03269211041373
-0.007350993654734391,-377.78754895309544
