Desplacment,Force
0.004555541863841677,338.0796816712568
-0.004734348669565343,-340.1324528968105
