Desplacment,Force
0.0026572757286393673,220.69040404517457
-0.004930134146782596,-227.76472772715616
