Desplacment,Force
0.004351309691359095,228.02682704557924
-0.004197176854188625,-227.50261482890605
