Desplacment,Force
0.005274693318308754,232.58970617785792
-0.005508872207459927,-233.44392558770053
