Desplacment,Force
0.003385718985353459,219.7715861928661
-0.0035306710407865937,-219.83879927644549
