Desplacment,Force
0.0010432806895308384,112.43659901699036
-0.0013787441059341186,-131.12533496116612
