Desplacment,Force
0.0025871035861362705,238.8897964508964
-0.002518518044960172,-227.59353268364808
