Desplacment,Force
0.0030730139007976933,271.61908721386413
-0.003247796607472918,-280.63410094668274
