Desplacment,Force
0.004202939791497963,296.22300510704594
-0.004254605102582768,-298.01291093504875
