Desplacment,Force
0.0019735222490787044,187.35783564006522
-0.0020654867381654767,-195.94358375684862
