Desplacment,Force
0.004853670186901212,310.815106718361
-0.004825794655131799,-309.6604379878166
