Desplacment,Force
0.003153716424333889,260.0010832651249
-0.0031325538312256466,-256.02782561890984
