Desplacment,Force
0.005094866083595704,408.66572078608044
-0.00558598882172902,-408.221338793176
