Desplacment,Force
0.006337542739060302,431.53069484865307
-0.00623934885334621,-431.25283776682704
