Desplacment,Force
0.007717602279235973,455.0958487212601
-0.007864624141481728,-455.70120582184506
