Desplacment,Force
0.004987104917554898,393.8138563800955
-0.005080798915755995,-392.9585635991407
