Desplacment,Force
0.004361506195206826,351.90961445793533
-0.005697896341008024,-351.22247936203473
