Desplacment,Force
0.003483625660961318,289.23441512591
-0.003865664325637411,-284.9309623784384
