Desplacment,Force
0.005854067993315081,363.0260971422305
-0.005641246255153207,-362.31119907337285
