Desplacment,Force
0.007070536501012777,375.46509054827675
-0.007351675429672255,-377.212271107369
