Desplacment,Force
0.004555713292234425,337.7644734880816
-0.004734794148105915,-339.78345006051455
