Desplacment,Force
0.0026557704131550965,220.7228087100432
-0.004931223456843936,-227.81899009316197
