Desplacment,Force
0.004352459705844535,228.08330901757833
-0.004198077264622149,-227.56021952601364
