Desplacment,Force
0.005275682271023287,232.64658780220893
-0.00551016433174038,-233.50150475027087
