Desplacment,Force
0.003386360761411311,219.82800059677152
-0.0035315083658498557,-219.89167473810642
