Desplacment,Force
0.0010438773774198553,112.47059167599092
-0.0013788885355312237,-131.16700333155507
