Desplacment,Force
0.0025872245804202053,238.98498799922174
-0.0025184242489477335,-227.67081814991332
