Desplacment,Force
0.0030729508221253687,271.7879815348789
-0.0032479447845149825,-280.82355223161375
