Desplacment,Force
0.004203129860064516,296.79137775413545
-0.004254837078176342,-298.6078888406195
