Desplacment,Force
0.0019734723982930257,187.38894108504502
-0.002065582820263351,-196.00100655305326
