Desplacment,Force
0.004853519016159716,311.5228851922734
-0.004825717005467559,-310.35033569852294
