Desplacment,Force
0.0031536636805215455,260.3401855758033
-0.0031325368415263174,-256.33693535710484
