Desplacment,Force
0.005093216180311221,409.09559287751824
-0.00558427060769917,-408.6563601810836
