Desplacment,Force
0.006337666110023871,432.1417915716764
-0.006239234127147462,-431.8657374434556
