Desplacment,Force
0.007717101476652736,455.87591211375485
-0.007864447877092229,-456.48358979268477
