Desplacment,Force
0.004986832651822111,394.22314408179903
-0.005080734134610455,-393.3623326600528
