Desplacment,Force
0.004364486617683927,351.51881765924946
-0.005703350668652025,-350.90568544299566
