Desplacment,Force
0.0037822777929429996,296.1864664116215
-0.00400905551025461,-288.78812801811915
