Desplacment,Force
0.005804261385963668,362.8685412798894
-0.0055421098013229576,-362.196073960241
