Desplacment,Force
0.007001178220212594,375.7219247946859
-0.007312801022962108,-377.51098297455684
