Desplacment,Force
0.0045030498309114155,337.24777379730557
-0.004706434758939723,-339.43784156209495
