Desplacment,Force
0.0037294811205598566,178.5930158011203
-0.006015365787920524,-185.36628848129283
