Desplacment,Force
0.004290977670720332,180.15173640716318
-0.004053262121334784,-179.26814551413827
