Desplacment,Force
0.0052284215162852424,183.17601019709656
-0.005504711737006551,-184.00391076816828
