Desplacment,Force
0.003339081272993066,176.13069448111642
-0.0035188203770481264,-176.77189258066667
