Desplacment,Force
0.0010223091766146327,111.1232525154869
-0.001364359158818616,-128.90642695960375
