Desplacment,Force
0.0026132766270222253,237.61940322815593
-0.002547119743656267,-226.16081325599353
