Desplacment,Force
0.0031049002853427363,267.17307617130916
-0.0032822391997242737,-276.13663688601383
