Desplacment,Force
0.004146985574582782,295.38281576671835
-0.0041789680929122264,-297.01504505282094
