Desplacment,Force
0.001994087674480843,187.23473748792344
-0.0020839060192782313,-195.65356345412303
