Desplacment,Force
0.004793825728961173,310.69902426841463
-0.004771832257956684,-309.466091933515
