Desplacment,Force
0.003111348513129326,258.58549311696606
-0.0030960157154843308,-254.56368225552689
