Desplacment,Force
0.0052164607573665705,411.6927498103477
-0.00563637519689382,-409.53746017753997
