Desplacment,Force
0.006290111738010892,430.50846200225203
-0.006192441631552512,-430.3328251466949
