Desplacment,Force
0.007675888475240936,454.63762845249676
-0.0078107832103410805,-455.1492627045207
