Desplacment,Force
0.00495565256478235,392.73483602587214
-0.005044174017346598,-391.54068206086964
