Desplacment,Force
0.00488271941262776,358.9689716377072
-0.0060724207470298575,-357.3730155034347
