Desplacment,Force
0.004365910192426822,187.64627948787415
-0.004765239821487564,-188.81227290529912
