Desplacment,Force
0.0056970799583708695,321.58342653479076
-0.005631124849949502,-320.6966312050142
