Desplacment,Force
0.007067680459265957,330.27943148736836
-0.007180578887001399,-330.7847538591623
