Desplacment,Force
0.004544065150907843,305.3833478668619
-0.004611939862634753,-306.5314905614916
