Desplacment,Force
0.0027986035668069627,314.93980369286965
-0.003955196028697033,-332.78107394940184
