Desplacment,Force
0.003996806833102697,352.1138665704068
-0.004012954797416223,-346.97814768580685
