Desplacment,Force
0.005032223716566632,404.7564544228482
-0.005106560808500724,-407.8421702511488
