Desplacment,Force
0.0032282909617720665,296.28196377820797
-0.0032650853829061743,-300.9330286176292
