Desplacment,Force
0.0009783400987953628,120.78099795677338
-0.0017087811900150665,-119.13205862154496
