Desplacment,Force
0.0025647586363209997,154.3270296254454
-0.0024596527350072357,-153.9569962483389
