Desplacment,Force
0.003055030383258721,158.58826982412234
-0.0032000143026647975,-159.28200813348832
