Desplacment,Force
0.004004502585314865,186.05989529397334
-0.004125244730878658,-186.56876236006548
