Desplacment,Force
0.0019468913173153932,143.94436649967577
-0.002034524045437588,-144.73931553393794
