Desplacment,Force
0.0047912300965671645,189.01891561383056
-0.004689092664373162,-188.66916120310927
