Desplacment,Force
0.0031055241315801367,180.0142615696623
-0.00303540454654669,-179.06995442689015
