Desplacment,Force
0.0063079612092687715,216.70722554428795
-0.0067896051529468685,-218.14560865917656
