Desplacment,Force
0.0061589327047057996,216.2186367180298
-0.006151306895038,-216.21410702978
