Desplacment,Force
0.0078019301409020395,221.21293692297795
-0.0078279673404476,-221.2908652926836
