Desplacment,Force
0.005020567317226015,212.50844781868415
-0.005036139145862874,-212.53869023527517
