Desplacment,Force
0.004161513972977,310.0593510316235
-0.00509492722559633,-307.11992026850726
