Story,Max Ductility
1,3.1813145187060763
2,3.081436500979355
3,3.636302164909032
4,5.59022599847339
5,1.566402642429841
