Desplacment,Force
0.004176266333786648,186.89461520405388
-0.004594543658796991,-188.08397466842462
