Desplacment,Force
0.00574722072919008,322.7482580439695
-0.005622095108270255,-321.3559380224588
