Desplacment,Force
0.007040924774745044,330.8326195331402
-0.007225881724686,-331.6768217723525
