Desplacment,Force
0.00453270450027313,306.251523536246
-0.004646567936984704,-307.73574350092105
