Desplacment,Force
0.0026099723357307487,300.4574343841014
-0.0038283790884433818,-325.076007657558
