Desplacment,Force
0.004102483187724704,358.5364711299801
-0.004079679944045032,-351.74107878090393
