Desplacment,Force
0.005108643964328122,408.77080067961305
-0.005230806418552531,-413.05464313233466
