Desplacment,Force
0.0032810656835793924,300.60403691195046
-0.0033476008724177765,-306.92616577558397
