Desplacment,Force
0.0007894472211056841,109.75194807759726
-0.001560477400202593,-108.85454202061885
