Desplacment,Force
0.0025919040078053405,154.96038884603345
-0.002547935295229931,-154.3931899442313
