Desplacment,Force
0.0030733079885214916,158.75373154701742
-0.003225949448249546,-159.44017231696432
