Desplacment,Force
0.004096167611112121,186.3938829837224
-0.004186071402239256,-186.7511135501837
