Desplacment,Force
0.001977579316908803,144.59545195005745
-0.0020536308309937255,-145.78513323441436
