Desplacment,Force
0.0048531832661861075,189.1557522590309
-0.004786571493092724,-188.9045248804983
