Desplacment,Force
0.0031454584335725583,180.35309184798243
-0.0030984285742268274,-179.6787192256374
