Desplacment,Force
0.005549299100126465,340.1192066927686
-0.006098527098325953,-341.2294732449727
