Desplacment,Force
0.0062934899317759144,344.9309016133684
-0.00626053375557533,-344.89476354795414
