Desplacment,Force
0.007819365274836785,353.7574507861856
-0.007894690511506125,-354.00550007996435
