Desplacment,Force
0.005043827139452672,330.147643422126
-0.005088674027413261,-329.75593210258785
