Desplacment,Force
0.004099541773163747,309.86577202449956
-0.005154185558595279,-308.5844314986518
