Desplacment,Force
0.003484393284108776,289.0484468529151
-0.0038670409338570897,-284.77673446617723
