Desplacment,Force
0.005854139894176112,363.6219548322467
-0.0056417323358300304,-362.90724880315565
