Desplacment,Force
0.007070567193157239,376.1595065986552
-0.007351513304077956,-377.91730082548065
