Desplacment,Force
0.004555792650386646,338.1696690543276
-0.00473470958524811,-340.2207851332252
