Desplacment,Force
0.0026541698407719725,220.66222385671477
-0.004929543158781542,-227.76018504395137
