Desplacment,Force
0.004352180574533865,228.03214430219342
-0.0041980338310877805,-227.50818802425601
