Desplacment,Force
0.005275370567314201,232.59264278911215
-0.005509730061139966,-233.44697107157828
