Desplacment,Force
0.0033862127620438052,219.78194842485877
-0.003531252223211491,-219.84643466361297
