Desplacment,Force
0.0010433101463193102,112.43915067528313
-0.0013787967267377755,-131.12898614287164
