Desplacment,Force
0.002587464695976416,238.92006671965714
-0.0025187344573036207,-227.612606406984
