Desplacment,Force
0.0030732779052630543,271.6358708647968
-0.0032482213285477085,-280.6611204554138
