Desplacment,Force
0.004203308095358906,296.5706787060845
-0.004255000852519185,-298.3760996175504
