Desplacment,Force
0.0019736927113897917,187.3754321859159
-0.002065774184574981,-195.96600474523987
