Desplacment,Force
0.004853863057504217,311.2436369893567
-0.004826066022347826,-310.0792560348568
