Desplacment,Force
0.0031538709393703966,260.2131901600734
-0.0031327465265885168,-256.2234534654314
