Desplacment,Force
0.005092780276500726,408.9762204013412
-0.00558430772753472,-408.5483060529331
