Desplacment,Force
0.006337918280315764,432.0148386386332
-0.006239565713537817,-431.7378123781355
