Desplacment,Force
0.007717541954501443,455.7095199205849
-0.007864840934027234,-456.316875665703
