Desplacment,Force
0.004987112156516549,394.1412808953274
-0.0050809721158685504,-393.2827556862515
