Desplacment,Force
0.004360018698008383,351.9780740658656
-0.005697348780980533,-351.3028024771833
