Desplacment,Force
0.0034831202676648804,289.21795394377443
-0.003865908591394418,-284.93358471901155
