Desplacment,Force
0.005854303654044092,363.4578159377586
-0.005641798748575851,-362.74389248659793
