Desplacment,Force
0.007070757090589796,375.96649222847384
-0.007351786287228102,-377.7213443933873
