Desplacment,Force
0.004555910911913731,338.06287492617963
-0.004734885416319053,-340.10254508858316
