Desplacment,Force
0.002652967514661681,220.6982640376022
-0.004929310994643369,-227.80569257935053
