Desplacment,Force
0.004352516314174938,228.08367382980464
-0.00419837939809122,-227.56050295750384
