Desplacment,Force
0.005275676533738611,232.64666231614572
-0.0055100851332831255,-233.50122417668632
