Desplacment,Force
0.003386418865911812,219.8282089106
-0.0035314831046165986,-219.8913972860677
