Desplacment,Force
0.0010436973974851816,112.45023072123432
-0.0013788084126976588,-131.15899711862437
