Desplacment,Force
0.0025873827808180327,239.0045644768842
-0.0025185626684890257,-227.68536932833746
