Desplacment,Force
0.0030731183345436663,271.8007993412275
-0.00324812751448385,-280.8411741320844
