Desplacment,Force
0.004203393851783849,296.7988792679939
-0.004255139276716087,-298.61547448750747
