Desplacment,Force
0.001973582620770969,187.40343901647447
-0.0020657140423791104,-196.0113297911332
