Desplacment,Force
0.004853848693930911,311.5280197623457
-0.004826049340201206,-310.35615229047414
