Desplacment,Force
0.0031538814292888543,260.3502185878059
-0.003132749642235201,-256.34790621654884
