Desplacment,Force
0.005092505190432422,409.07116056516196
-0.005583986592139591,-408.64485739269173
