Desplacment,Force
0.006337973553898701,432.14824840183866
-0.006239544322696903,-431.8713395618426
