Desplacment,Force
0.007717430224154366,455.87911014360793
-0.007864831094815712,-456.48733580688986
