Desplacment,Force
0.004987055947353321,394.2303337905957
-0.005080980206563819,-393.37125414394865
