Desplacment,Force
0.004360834104608707,351.84177076950954
-0.005699094176385331,-351.19183474723195
