Desplacment,Force
0.0034849921391415717,288.758061210734
-0.0038678647044531255,-284.5124303799241
