Desplacment,Force
0.005854088137583256,363.621169087191
-0.005641546509734019,-362.9079568469025
