Desplacment,Force
0.007070338067315696,376.1581530138227
-0.007351422734211657,-377.91673015032427
