Desplacment,Force
0.004555653168476142,338.17082953024084
-0.004734662658655843,-340.21939926692045
