Desplacment,Force
0.0026545499677754726,220.6659611777065
-0.004929635004294575,-227.76088106229025
