Desplacment,Force
0.004352410607077553,228.0335382345032
-0.004198172023937757,-227.5100324003286
