Desplacment,Force
0.005275593576566014,232.59354382381738
-0.0055100111580780485,-233.44797396247137
