Desplacment,Force
0.0033863544273506248,219.7854819954647
-0.0035314358397117553,-219.84885291535696
