Desplacment,Force
0.0010432237071296697,112.42507858732493
-0.0013786333744025513,-131.11105203088852
