Desplacment,Force
0.0025875976037547884,238.92028860684053
-0.0025188413277986627,-227.61410846857927
