Desplacment,Force
0.003073398694864415,271.62559889780835
-0.003248352044615956,-280.6504158703558
