Desplacment,Force
0.004203418044009555,296.23558977089186
-0.004254997868058833,-298.02253282503926
