Desplacment,Force
0.0019737715159684,187.37894029883336
-0.002065861330695923,-195.96755731492277
