Desplacment,Force
0.004854043693434899,310.82093599384325
-0.004826341728875311,-309.6695183515811
