Desplacment,Force
0.0031539606543679478,260.0126064218827
-0.0031329020712071486,-256.04488831100133
