Desplacment,Force
0.005091130297729364,409.3306608411227
-0.005582655335146242,-408.9063255713615
