Desplacment,Force
0.0063381959922599864,432.53053906038986
-0.006239777655867016,-432.257027329039
