Desplacment,Force
0.007717569380949359,456.3687673297667
-0.00786497145588485,-456.9760542133732
