Desplacment,Force
0.004987145407856116,394.4934825835609
-0.00508107023417573,-393.62632112344943
