Desplacment,Force
0.004360465367387717,351.9859245133671
-0.005697670083439659,-351.3091595084909
