Desplacment,Force
0.00436518573916324,187.64430002795504
-0.0047654524786878375,-188.81300226869607
