Desplacment,Force
0.005697224386737726,322.21037899089833
-0.005631620649455171,-321.31563731943567
