Desplacment,Force
0.007067706095731863,330.9721104453788
-0.0071805336843646025,-331.4802015166892
