Desplacment,Force
0.0045441581590384365,305.87794520498073
-0.004611939524290464,-307.03034556818596
