Desplacment,Force
0.0027959301822522518,314.77686587139505
-0.0039574731532584125,-332.5212546914156
