Desplacment,Force
0.003996994694233107,351.7317109731999
-0.004013478548118981,-346.61689725364903
