Desplacment,Force
0.0050324811893348925,404.0820945662113
-0.00510676924856844,-407.1561942331415
