Desplacment,Force
0.0032285298768702122,296.09007010660036
-0.0032652375725031003,-300.7222444183353
