Desplacment,Force
0.0009776727833723771,120.73531618110289
-0.0017078140239034727,-119.08570743355544
