Desplacment,Force
0.0025652882750947644,154.33255480699677
-0.0024601974584641225,-153.96371558097366
