Desplacment,Force
0.0030556342012448626,158.5919129332853
-0.0032006557874037574,-159.28518629937258
