Desplacment,Force
0.0040047343844870475,186.06098199714842
-0.004125484056745693,-186.56972365195105
