Desplacment,Force
0.0019473142547397253,143.95738274121274
-0.0020349435808320955,-144.74877453158564
