Desplacment,Force
0.004791497991370618,189.01978657024318
-0.004689393728424849,-188.67020213665702
