Desplacment,Force
0.003105702584226006,180.01569490780773
-0.0030355944584323407,-179.0723455658805
