Desplacment,Force
0.006306200160212504,216.7018966849066
-0.006788636854603334,-218.14300803569122
