Desplacment,Force
0.0061591133904147985,216.2193925447876
-0.006151441770308068,-216.2145206422736
