Desplacment,Force
0.007801934552278431,221.21295045544443
-0.007828135647990822,-221.2913711965212
