Desplacment,Force
0.005020591918958875,212.50854813458264
-0.005036249431315215,-212.53910467613483
