Desplacment,Force
0.004157366674481205,310.566217870997
-0.005091157485691336,-307.5810636680853
