Desplacment,Force
0.004891690004186375,271.38782484674397
-0.005015871885659318,-269.108732469336
