Desplacment,Force
0.0056285831288380665,408.7183513138175
-0.005528828639158358,-404.9671088435728
