Desplacment,Force
0.006985272795931866,437.78393192401745
-0.00711203385984452,-439.40211595010396
