Desplacment,Force
0.004481027650815602,365.9931620963518
-0.004563423805717558,-368.38984805210987
