Desplacment,Force
0.00532674898137727,163.01727334268926
-0.007472349853439951,-169.2660622661947
