Desplacment,Force
0.0038725948336259617,158.5130684064982
-0.00375280141934347,-157.92814000379028
