Desplacment,Force
0.004965411718000902,161.9206376495792
-0.0051438660968924944,-162.46154922239305
