Desplacment,Force
0.0031496579278737086,155.459369936998
-0.003266312237044422,-156.1299435479382
