Desplacment,Force
0.001152903666366614,106.77026396058886
-0.0018021112801526926,-105.66085666120111
