Desplacment,Force
0.0027315622004510797,120.52839256499146
-0.002616521077049735,-120.0022370031407
