Desplacment,Force
0.0032725568790635275,122.3727063076795
-0.0034258307426393965,-122.84813562323323
