Desplacment,Force
0.0038340124408441766,256.81056697404426
-0.003928343201889644,-259.0542504185646
