Desplacment,Force
0.002072715649293808,117.2044261351849
-0.0021688200744414392,-117.58959081365958
