Desplacment,Force
0.004593580894736401,268.3557446889567
-0.004489780872187276,-266.83971202685115
