Desplacment,Force
0.0029741827357964478,233.02295767841568
-0.0029067794236080423,-228.2980611808986
