Desplacment,Force
0.006924417730729157,155.0765864756492
-0.007226826933531011,-155.98379808908592
