Desplacment,Force
0.0059294228359058065,152.09127948565117
-0.005949345345563904,-152.15108006232083
