Desplacment,Force
0.007649924428716125,157.2531115537506
-0.007615101272901267,-157.14864208630604
