Desplacment,Force
0.004907465266578288,149.02081216158834
-0.004888968406393315,-148.96465865457188
