Desplacment,Force
0.004878685492561448,408.8859333093852
-0.005736034707194565,-397.27169926097
