Desplacment,Force
0.0043639756746801294,187.64037680335008
-0.004764407410614499,-188.80921824601106
