Desplacment,Force
0.0056965036117021675,320.92047407700915
-0.0056305725423135096,-320.04222503572646
