Desplacment,Force
0.007067547700084581,329.5503003069521
-0.007180275996514054,-330.0520869215735
