Desplacment,Force
0.004543934091218829,304.8584137851726
-0.0046117058982645355,-306.00263718067185
