Desplacment,Force
0.0027972244461436663,314.9449404203961
-0.003961531591255895,-332.59800526816645
