Desplacment,Force
0.003997013654721651,351.5882738756636
-0.004013914872911801,-346.48472125732565
