Desplacment,Force
0.005033171075381185,403.84567661643115
-0.005107110219086949,-406.90641371381304
