Desplacment,Force
0.003228895305831953,296.03370810430545
-0.003265376764712204,-300.64969712231306
