Desplacment,Force
0.0009791529217735146,120.86800942622719
-0.0017077015888108927,-119.24882898410549
