Desplacment,Force
0.0025643065058654083,154.58680664226247
-0.0024590798830490886,-154.21450786005093
