Desplacment,Force
0.003054490374809,158.88370244718578
-0.003199612966013789,-159.58218217951256
