Desplacment,Force
0.004003998340727309,186.05773374676667
-0.004124936748108047,-186.56732131919856
