Desplacment,Force
0.00194650663001099,144.11573676865183
-0.0020342110269536227,-144.92804104110579
