Desplacment,Force
0.004790758373038339,189.01733987422895
-0.0046884628157430165,-188.66703652493612
