Desplacment,Force
0.003105226154167506,180.01090391309842
-0.0030349962041329266,-179.06554282290577
