Desplacment,Force
0.006307889216611227,216.7070367392076
-0.006789939989350123,-218.14572837634037
