Desplacment,Force
0.006158182811494028,216.21623073113915
-0.006150629773366717,-216.2120340504401
