Desplacment,Force
0.007801012808907782,221.2101820949714
-0.007826968692337608,-221.2878650220156
