Desplacment,Force
0.005019987967087093,212.50646216993198
-0.005035499495049236,-212.5364115314194
