Desplacment,Force
0.00416621579463011,309.5705333660182
-0.005104013833585735,-306.6964416780971
