Desplacment,Force
0.004893486631899526,271.3994993214536
-0.005019351787714838,-269.114023904703
