Desplacment,Force
0.005628354690497748,408.5341962461234
-0.005528729051594045,-404.78965370346833
