Desplacment,Force
0.00698555037823423,437.54336573454765
-0.007111818476402715,-439.15399358727007
