Desplacment,Force
0.004481138041847083,365.8819155587965
-0.004563254549632668,-368.2659389303293
