Desplacment,Force
0.005332231804063156,163.03373384441915
-0.0074779593780823946,-169.28008795283017
