Desplacment,Force
0.003871943830986081,158.51090926480117
-0.003752047632976179,-157.92531960434542
