Desplacment,Force
0.004965097047393472,161.9196741952385
-0.005143447942434737,-162.46028615404248
