Desplacment,Force
0.003149366779565203,155.45740952836817
-0.003265988664157174,-156.12842419748222
