Desplacment,Force
0.001153212118496312,106.78691182526293
-0.0018045847976779525,-105.69509537380469
