Desplacment,Force
0.002731130662557206,120.52690332772893
-0.0026167011697888765,-120.00211663527011
