Desplacment,Force
0.0032727097796567167,122.37313873338304
-0.00342562723158364,-122.8475203147633
