Desplacment,Force
0.0038334074687712484,256.7964518512862
-0.003927783162044526,-259.04409683970925
