Desplacment,Force
0.0020727862108796337,117.20314804789034
-0.002168629496877173,-117.58862303547183
