Desplacment,Force
0.004593066734595355,268.35025531499673
-0.004489007607606243,-266.83038921176467
