Desplacment,Force
0.002973840817415135,233.00941586380242
-0.002906292599768711,-228.27682639342305
