Desplacment,Force
0.0069292504575761815,154.48564685370047
-0.007231490817112275,-155.3923533707744
