Desplacment,Force
0.005928052939353787,151.48175382565418
-0.005948776742067232,-151.54395645285638
