Desplacment,Force
0.007649898867783916,156.6475953470037
-0.007614192871236316,-156.54047735736088
