Desplacment,Force
0.00490737473384669,148.4153987553331
-0.004888302473358592,-148.35755107690076
