Desplacment,Force
0.004882091419243485,408.79811738259946
-0.005739552179563077,-397.20752132484506
