Desplacment,Force
0.004896030673679817,271.54659364757134
-0.005020423300141326,-268.93211154445436
