Desplacment,Force
0.005636171566435128,409.0775303228281
-0.005530709098576247,-405.1724170483659
