Desplacment,Force
0.006993070328602311,438.0486839436474
-0.007127346590855022,-439.76745331641206
