Desplacment,Force
0.004485534864905895,366.2558886259361
-0.004572664993241206,-368.88155900085866
