Desplacment,Force
0.005320844785847513,162.9995334523899
-0.007380637774127961,-169.04156386757188
