Desplacment,Force
0.0038761179128667216,158.52358444037185
-0.003748182443519818,-157.90807383574926
