Desplacment,Force
0.004964975397840569,161.91484892755673
-0.00514498593082264,-162.46487177541752
