Desplacment,Force
0.003149094808185116,155.45166175909196
-0.0032667965780644685,-156.12894210890698
