Desplacment,Force
0.0009798737677416145,115.14584643636721
-0.001624069973918443,-119.38250361219605
