Desplacment,Force
0.0026861880703247013,156.34656066078952
-0.0025937605345767935,-156.01736067764517
