Desplacment,Force
0.0032388050562097126,160.29131282329658
-0.003378413827417821,-160.93023366775074
