Desplacment,Force
0.0038610923436221195,257.27246631182396
-0.003934712707855526,-259.12874984321746
