Desplacment,Force
0.002051333826760004,147.12486681839837
-0.002137001366240871,-147.73041874195442
