Desplacment,Force
0.004602429604541619,268.47297013546245
-0.004517298941363592,-267.11960165406566
