Desplacment,Force
0.0029793016891766283,233.24862742039676
-0.0029248511780708484,-228.9379715718397
