Desplacment,Force
0.006927693808995876,155.4760044551913
-0.007254938199078281,-156.4577218280855
