Desplacment,Force
0.005945193062136779,152.4947009340381
-0.005959987375867488,-152.5725928843716
