Desplacment,Force
0.007661834543509504,157.67843294759854
-0.0076353253694910065,-157.59890542554305
