Desplacment,Force
0.00491527746658394,149.43375698885768
-0.004901959722585913,-149.39320316230967
