Desplacment,Force
0.004927471210999609,409.8996096553586
-0.005722008748864498,-397.070957650838
