Desplacment,Force
0.004364930720568852,187.64342950285055
-0.0047646159074399945,-188.81009222457425
