Desplacment,Force
0.005696822071797948,321.4075531643596
-0.005630997549945685,-320.5234984316348
