Desplacment,Force
0.007067741310855773,330.0870130559038
-0.0071805185035038275,-330.5911497927505
