Desplacment,Force
0.004544089718509317,305.24523312788324
-0.004611875075133169,-306.3924188131844
