Desplacment,Force
0.0027968360849658664,314.8771783199383
-0.003958777601380692,-332.61030831239214
