Desplacment,Force
0.003996887650586585,351.746470984425
-0.004013596158720404,-346.63746690027364
