Desplacment,Force
0.00503277892038325,404.1251828584226
-0.005106836454998509,-407.1917636150115
