Desplacment,Force
0.0032286550077976605,296.10743572025456
-0.003265220289509925,-300.7323338615411
