Desplacment,Force
0.0009784712909742357,120.8938375083054
-0.0017059208123166123,-119.3297192533816
