Desplacment,Force
0.0025639567523889034,154.9017570370499
-0.0024590584572923746,-154.5315254305386
