Desplacment,Force
0.003054392929583164,159.24244723313117
-0.003199346079628401,-159.94500879918698
