Desplacment,Force
0.004004575180268841,186.06017808279663
-0.004125246793964341,-186.56871167185648
