Desplacment,Force
0.0019464642985753775,144.33472191977714
-0.0020340362803766723,-145.15956341977036
