Desplacment,Force
0.004791198263943961,189.0187971441865
-0.004689131387075806,-188.66928308665382
