Desplacment,Force
0.003105505152232772,180.01375336374113
-0.0030354291754668954,-179.07012712083107
