Desplacment,Force
0.006307775087630412,216.70667229876105
-0.006790027158523924,-218.14628472401412
