Desplacment,Force
0.006158737063099373,216.2180948413359
-0.006151134889639707,-216.21358607967517
