Desplacment,Force
0.007801639134640688,221.21206336316993
-0.007827699173913924,-221.29005984494293
