Desplacment,Force
0.0050203891867257894,212.50786642473193
-0.005035964623873285,-212.53808863193984
