Desplacment,Force
0.0041636180978704435,309.95007429596615
-0.005098909311950945,-307.033265776469
