Desplacment,Force
0.004365998415304039,187.6466011437725
-0.004765526690681272,-188.81326808205742
