Desplacment,Force
0.005697055391392973,321.60075400863667
-0.005631159259453418,-320.71421598701886
