Desplacment,Force
0.007067680316821961,330.2991882265689
-0.007180486095828752,-330.80426303019874
