Desplacment,Force
0.004544065896045999,305.39705384569277
-0.004611883117055517,-306.54499023541973
