Desplacment,Force
0.0027990314781107567,314.9681547838572
-0.0039554384159471954,-332.79575072118325
