Desplacment,Force
0.003996749397697428,352.11068106047253
-0.0040128817412532665,-346.97361375859026
