Desplacment,Force
0.005032145403836045,404.75221542447684
-0.005106475499478377,-407.8386601143106
