Desplacment,Force
0.003228241353867137,296.2781245674015
-0.003265035928050773,-300.929321413093
