Desplacment,Force
0.0009787838232477055,120.74940004739496
-0.0017099790413345592,-119.0660183022729
