Desplacment,Force
0.002565079269027432,154.11048922988135
-0.002459880594921097,-153.73983415696685
