Desplacment,Force
0.0030552708148445136,158.34204688108645
-0.0032003063212195926,-159.0327145221034
