Desplacment,Force
0.004004275475310392,186.05891571577956
-0.004125143537862144,-186.56831504807346
