Desplacment,Force
0.0019470441651145173,143.79613250863414
-0.0020347246987549054,-144.58064330389644
