Desplacment,Force
0.004791105959037755,189.0185017140389
-0.004688850641034717,-188.66834477774648
