Desplacment,Force
0.0031054462185006937,180.01344123558235
-0.003035247700141974,-179.06825085075323
