Desplacment,Force
0.006308815473612738,216.57577302206687
-0.006790334491572602,-218.0137172533725
