Desplacment,Force
0.0061587011245441475,216.08402365679316
-0.006151102821200654,-216.07959328059616
