Desplacment,Force
0.007801830237375541,221.07838220451092
-0.007827785353509241,-221.15606570105084
