Desplacment,Force
0.0050204884154475184,212.37625913075857
-0.005036011660826507,-212.40643817020938
