Desplacment,Force
0.004161131294041129,310.0705014668473
-0.005094590011332039,-307.12733676939166
