Desplacment,Force
0.0037911957607680434,296.36874030227
-0.004019468780641967,-289.01424911753907
