Desplacment,Force
0.005801858057855509,363.4448014366559
-0.005539747117125927,-362.76705997145996
