Desplacment,Force
0.0069993258077086645,376.43911718911073
-0.00731100165313378,-378.22048861190814
