Desplacment,Force
0.004501674220845502,337.61535100100207
-0.004705081510216765,-339.85227421986514
