Desplacment,Force
0.0037616565458273668,176.86179599656128
-0.006050610475575934,-183.6541684201046
