Desplacment,Force
0.004286708906570907,178.31688976487337
-0.0040488496691519415,-177.42991117749793
