Desplacment,Force
0.005226849295572382,181.32832113125573
-0.005503594481507619,-182.15585422547085
