Desplacment,Force
0.0033375893349272194,174.3702658919877
-0.00351760730098676,-175.03236511967012
