Desplacment,Force
0.001021258607679304,111.0194883397653
-0.001363785889093185,-128.85626893602804
