Desplacment,Force
0.002614391380425119,237.71398362856914
-0.0025483981929968016,-226.21103055678
