Desplacment,Force
0.0031064056257284187,267.2274796723835
-0.003283768410317802,-276.2305089829464
