Desplacment,Force
0.004144467530887654,295.3252978337795
-0.004176654565930584,-296.9697506751953
