Desplacment,Force
0.0019950383588722884,187.2773533084814
-0.0020847047535738584,-195.7167839055922
