Desplacment,Force
0.004792179542403958,310.67650349088507
-0.004769873854714534,-309.43331897073625
