Desplacment,Force
0.0031101502344859843,258.5393019453622
-0.0030945565408233905,-254.49837647970068
