Desplacment,Force
0.005219383357058216,411.74663847773155
-0.005640304800765384,-409.61194383534746
