Desplacment,Force
0.006288551986267337,430.47398393530096
-0.006191380600758385,-430.3078751705791
