Desplacment,Force
0.0076750521998487095,454.62454873373065
-0.007809339896430577,-455.13224888314664
