Desplacment,Force
0.004954971159576996,392.71014671590547
-0.0050431044870552656,-391.4963211970199
