Desplacment,Force
0.004894753870236567,359.6972778619315
-0.006077987305512666,-358.0364660132299
