Desplacment,Force
0.0042051067329159225,341.918717114271
-0.004402380147750958,-330.3176628462048
