Desplacment,Force
0.0057039265552165895,411.22190159966203
-0.005604666438822877,-407.7172183074559
