Desplacment,Force
0.0070553621248191185,439.57200935014845
-0.007199267665564361,-441.17405841778645
