Desplacment,Force
0.004531816611079062,368.4032654449069
-0.004622645121698863,-371.2259440118617
