Desplacment,Force
0.004622264766052529,160.76037178633467
-0.0072087710173096365,-168.51783776213156
