Desplacment,Force
0.00400651805128681,158.80439415040513
-0.0038458839123126204,-158.2177561866829
