Desplacment,Force
0.005049091678047714,162.03260702812688
-0.005243911137160632,-162.62197888914653
