Desplacment,Force
0.003213343196796786,155.6250873036594
-0.003338320132995149,-156.26767185734988
