Desplacment,Force
0.0010767963037902088,120.31109562859534
-0.0016760956627023859,-120.99103037283186
