Desplacment,Force
0.002700278189931178,156.41892449548823
-0.0025842670528952276,-156.14322718111586
