Desplacment,Force
0.003230264930915914,160.21714812561135
-0.0034008910311616636,-160.95126669674863
