Desplacment,Force
0.00393480002791069,316.096201530504
-0.004039264689861526,-323.0871602179885
