Desplacment,Force
0.002049551668320358,147.70161805158304
-0.0021540890901150743,-148.0421629650294
