Desplacment,Force
0.004636962519756733,345.7621129511134
-0.004540660760217681,-340.0566838058812
