Desplacment,Force
0.0030124607105003662,269.7961738009007
-0.0029475416777803238,-260.85633141911944
