Desplacment,Force
0.006747430188409164,154.54561680670608
-0.007152510718917144,-155.76084461526065
