Desplacment,Force
0.0059537889728179865,152.13420002031864
-0.0059614503070234874,-152.1874007769748
