Desplacment,Force
0.007634897063132072,157.20802945699845
-0.007631240354499868,-157.19705933110185
