Desplacment,Force
0.00490415104553612,149.01083663223264
-0.004903334199437502,-149.0079965877428
