Desplacment,Force
0.004656154416995448,403.79824878264634
-0.005706038089810814,-396.7288396629613
