Story,Max Ductility
1,3.1997050616103215
2,3.09918971186009
3,3.6574782783791213
4,5.57993737991333
5,1.410214693404774
