Desplacment,Force
0.004178732269238371,341.00572663011377
-0.004408594346976083,-330.7093273835936
