Desplacment,Force
0.0056973442585374215,410.99846153125304
-0.005601610470697959,-407.3103478820682
