Desplacment,Force
0.0070474309172525425,439.29484391036516
-0.007184580969192354,-440.9813012572113
