Desplacment,Force
0.004527057328441682,368.20560154603413
-0.0046139870381131575,-370.83639239706594
