Desplacment,Force
0.00461108141161663,160.86790296034152
-0.007280168114452347,-168.8563269109359
