Desplacment,Force
0.0040057017714413504,158.94258606011334
-0.0038531896588979127,-158.3811495632467
