Desplacment,Force
0.005053087846439321,162.18561725240014
-0.005244069446125392,-162.72914938403662
