Desplacment,Force
0.003216784599866997,155.77270432675388
-0.0033389156764528473,-156.41263658252458
