Desplacment,Force
0.0013558737115925033,110.1944204725824
-0.0018616631289107588,-106.84789528918726
