Desplacment,Force
0.002747101094753017,120.5871529538961
-0.002600906276886626,-119.96569555881193
