Desplacment,Force
0.003257465613436937,122.32705798883553
-0.0034478139501587803,-122.91621734482924
