Desplacment,Force
0.003910072197362957,315.48045785415997
-0.004033115593715936,-323.2334563440236
