Desplacment,Force
0.002065868191279098,117.38694442048973
-0.002185618598024834,-117.70773432936615
