Desplacment,Force
0.004628323474310622,345.93266342159984
-0.00451510521313787,-339.70404726370384
