Desplacment,Force
0.003007015934452153,269.67822575217815
-0.0029308298473732777,-260.0683216249591
