Desplacment,Force
0.006762442617846198,155.16543251542475
-0.007111866985319139,-156.21368774265727
