Desplacment,Force
0.005940479734950129,152.6992142661936
-0.00594688595999328,-152.71845248715607
