Desplacment,Force
0.007620086536763474,157.73837748283108
-0.007612421585158351,-157.7153826280157
