Desplacment,Force
0.004894247689512787,149.55546551048937
-0.004891456874331042,-149.54662130278047
