Desplacment,Force
0.004617004788676846,403.0676500688395
-0.005719231727665512,-397.03529022406485
