Desplacment,Force
0.00436603723260301,187.64671178328928
-0.004765357706627306,-188.81270586868516
