Desplacment,Force
0.0056971735483465034,321.768650766564
-0.005631276108031866,-320.8795198373657
