Desplacment,Force
0.007067709275510079,330.4837215662656
-0.007180615380977442,-330.98993071377174
