Desplacment,Force
0.0045441011971480835,305.5297809159181
-0.004611971912231341,-306.6791059952859
