Desplacment,Force
0.002798298566880017,314.91021031040884
-0.003954796207928302,-332.75877632020547
