Desplacment,Force
0.0039968082107527505,352.1132676627377
-0.004012927462532985,-346.97748340669807
