Desplacment,Force
0.005032152771279083,404.75400640251667
-0.005106525275447827,-407.8405719205344
