Desplacment,Force
0.0032282574954168126,296.2798790135484
-0.0032650719558158458,-300.93178811444363
