Desplacment,Force
0.0009780875399689362,120.76863047647768
-0.0017086023028250515,-119.12092090080074
