Desplacment,Force
0.0025648514004211415,154.328019537992
-0.0024597817475272518,-153.95851155232538
