Desplacment,Force
0.0030551599245145513,158.58900896178517
-0.0032001253238851395,-159.2825602450718
