Desplacment,Force
0.004004621679835621,186.0604175054565
-0.004125328763855393,-186.56912779162022
