Desplacment,Force
0.0019469844372398983,143.9472620972975
-0.002034600972686029,-144.74107032153265
