Desplacment,Force
0.004791341811162478,189.0192843518247
-0.004689239404416129,-188.66965931868202
