Desplacment,Force
0.003105596139007258,180.0149659556701
-0.0030354988616789922,-179.07101683615213
