Desplacment,Force
0.006307697109860189,216.706422542137
-0.006789438253552505,-218.14525027477416
