Desplacment,Force
0.006159063542021735,216.21908890882412
-0.006151421111415689,-216.21445720225282
