Desplacment,Force
0.007802054201844563,221.21330955653545
-0.007828130242421395,-221.29135475670356
