Desplacment,Force
0.005020649312640541,212.50873329929158
-0.005036243661373888,-212.53906719048788
