Desplacment,Force
0.004160309059121838,310.2038957064718
-0.005093222438783145,-307.2489722449088
