Desplacment,Force
0.0034847620835905735,289.2666231086027
-0.003866777841155173,-284.96452653437734
