Desplacment,Force
0.005853967768367407,363.4531867634232
-0.005641609286799291,-362.7358861105833
