Desplacment,Force
0.00707066341245317,375.9656002896004
-0.00735142230016482,-377.7191933650407
