Desplacment,Force
0.004555809367708623,338.0481061893633
-0.004734622286358647,-340.09568733263706
