Desplacment,Force
0.002655638517035796,220.67506753880235
-0.0049301450683947815,-227.76414302689216
