Desplacment,Force
0.004351596444729625,228.02859421107215
-0.004197482205958515,-227.50418689496504
