Desplacment,Force
0.0052748846453523224,232.59062266194866
-0.005509133202942436,-233.44484900293446
