Desplacment,Force
0.0033858599877863854,219.77446951592154
-0.0035308447413265483,-219.8410831926353
