Desplacment,Force
0.0010436845642971156,112.45563620915952
-0.0013788793392991963,-131.16632478092538
