Desplacment,Force
0.0025870217023972724,238.97733772532592
-0.0025183533885496812,-227.66619934348708
