Desplacment,Force
0.003072865759637581,271.7850070189922
-0.003247733940078294,-280.8170430134681
