Desplacment,Force
0.004203007523427838,296.7886497506216
-0.0042548034151711515,-298.6074006891803
