Desplacment,Force
0.001973419732430625,187.3874379878226
-0.00206544611679002,-195.99066123534098
