Desplacment,Force
0.0048535455821025145,311.5233311109088
-0.004825615757392636,-310.3489155907893
