Desplacment,Force
0.003153681163129285,260.34083431659843
-0.0031324728271550175,-256.33427831691387
