Desplacment,Force
0.005095587408520239,408.50984137849537
-0.005586736536336926,-408.0672051757288
