Desplacment,Force
0.006337441364675011,431.30947597903855
-0.006239198627603819,-431.02883533561175
