Desplacment,Force
0.007717476794937695,454.81167294607786
-0.007864560961272556,-455.41829785122667
