Desplacment,Force
0.00498703271750962,393.6599007283265
-0.005080765266617403,-392.81094223277125
