Desplacment,Force
0.004361400761756056,351.852609516809
-0.005698724638249221,-351.1862834401102
