Desplacment,Force
0.0034813418907510686,331.8337856413733
-0.003850855203495424,-337.46166554891255
