Desplacment,Force
0.005944303834890761,480.6718744295174
-0.005751359881251892,-473.10427027479244
