Desplacment,Force
0.0071527230213160285,533.5106845008013
-0.007441522636581553,-534.398943321704
