Desplacment,Force
0.004614537675723413,408.81760500171004
-0.0047946206651739605,-418.1388339531332
