Desplacment,Force
0.0024099355343793565,263.588369397772
-0.003490511546465041,-300.5986704708107
