Desplacment,Force
0.004353214277496908,364.66080985770907
-0.004219734381696526,-358.7799958595737
