Desplacment,Force
0.005257621405817176,411.1319116057228
-0.005496264324837301,-411.193013441707
