Desplacment,Force
0.0033842636824499145,305.64856708477447
-0.0035278487425966566,-314.8271296314145
