Desplacment,Force
0.0008563111423951928,110.27344400128362
-0.0014365063529234278,-115.43433660841866
