Desplacment,Force
0.002691764447554336,180.53688285820755
-0.002636692210874073,-178.9505274675352
