Desplacment,Force
0.0031899377734345025,186.69486007226465
-0.003361262903263383,-187.34107489502952
