Desplacment,Force
0.004336478684692703,375.18715620738027
-0.004352138689817339,-381.76955184462713
