Desplacment,Force
0.0020526419473196104,163.68571678810733
-0.0021447308322784593,-166.15926295302663
