Desplacment,Force
0.004955180038223122,415.36195400456313
-0.004966109886999707,-409.84506992470193
