Desplacment,Force
0.0032219754584524246,303.58243929861686
-0.0032260442867075435,-298.55252772491315
