Desplacment,Force
0.004996804266930193,426.28733085070076
-0.005577467691975119,-430.24635134045246
