Desplacment,Force
0.006502345266519272,467.7147662131969
-0.006381043688685608,-467.00368448956266
