Desplacment,Force
0.007881246745607614,500.4376708486649
-0.008067931234616698,-500.748713851225
