Desplacment,Force
0.0050950860730700435,419.3592408229363
-0.005212880903603472,-419.35919652847485
