Desplacment,Force
0.0038014807790940747,387.64812751136697
-0.004508815297134463,-389.28426255097196
