Desplacment,Force
0.004367258581196016,187.65102493444272
-0.00476644972054418,-188.81672920778976
