Desplacment,Force
0.005697202619362756,322.20811275880027
-0.005631812293465107,-321.3172012934323
