Desplacment,Force
0.007068085053932549,330.9735002227171
-0.0071804554361382545,-331.47978901495475
