Desplacment,Force
0.004544350711709316,305.88060307520107
-0.0046118646933125205,-307.03079170476593
