Desplacment,Force
0.0027990474590487992,314.9466255260129
-0.003954863378442929,-332.76486255366115
