Desplacment,Force
0.003996309474484844,352.08208899121337
-0.004012540275791406,-346.95254105670676
