Desplacment,Force
0.005031624887895583,404.72741283060964
-0.005105850705886757,-407.81011576228235
