Desplacment,Force
0.003227920068342145,296.2540248606476
-0.0032646431937495774,-300.8985707238506
