Desplacment,Force
0.0009784050691103322,120.79221930141037
-0.0017092734468501319,-119.14334122465775
