Desplacment,Force
0.002564878958124155,154.32825866500963
-0.0024598223195120596,-153.95867881775865
