Desplacment,Force
0.003055336709866173,158.58957898459352
-0.0032002471027508406,-159.28306389607133
