Desplacment,Force
0.00400432332361947,186.05898606339503
-0.004125186069997549,-186.56850391918599
