Desplacment,Force
0.0019470888536031036,143.94988875289891
-0.00203467353226422,-144.74187761518996
