Desplacment,Force
0.004791238084733049,189.01891820465383
-0.004688942435546233,-188.66862230961277
