Desplacment,Force
0.0031055324895731475,180.01398023057052
-0.003035307508935559,-179.06849470082685
