Desplacment,Force
0.006312657318877494,215.98999497712293
-0.0067944558950040704,-217.42833754304164
