Desplacment,Force
0.0061584058175183885,215.48664161339758
-0.006150883005669934,-215.48221388471518
