Desplacment,Force
0.007802197391312948,220.48116185717237
-0.00782795451852817,-220.55825870991544
