Desplacment,Force
0.005020660561664302,211.78886797586276
-0.005036062504937206,-211.81914163321997
