Desplacment,Force
0.004158080101167172,310.5561890566443
-0.005089160193963362,-307.55530956435865
