Desplacment,Force
0.003485845775496608,288.7835765786488
-0.0038683843040890945,-284.5301237342817
