Desplacment,Force
0.005853900386892455,363.6185755635424
-0.00564148576785993,-362.90321128141835
