Desplacment,Force
0.0070703233341200536,376.15786719962296
-0.007351217005832201,-377.9155104297085
