Desplacment,Force
0.0045556222501892335,338.1620933403366
-0.004734513122638927,-340.2155043072997
