Desplacment,Force
0.0026555910212272588,220.67539117200937
-0.004929641506507173,-227.76110308015527
