Desplacment,Force
0.004351847366269718,228.03010938863997
-0.004197695861142882,-227.5062322083548
