Desplacment,Force
0.005275126460482623,232.59156833806406
-0.005509410455670718,-233.44583922756723
