Desplacment,Force
0.003386032652923267,219.77831973819607
-0.0035310359458188448,-219.8436067482281
