Desplacment,Force
0.001043243326607257,112.42818393892219
-0.0013786749814703604,-131.11841005762506
