Desplacment,Force
0.002587354104274096,238.911298677672
-0.0025186834666410638,-227.6091304093585
