Desplacment,Force
0.0030732132914475245,271.63236048657257
-0.003248079345472074,-280.65340158881344
