Desplacment,Force
0.004203206196860012,296.23008238622197
-0.00425483578768386,-298.0185604054029
