Desplacment,Force
0.0019736513439099616,187.37138704645747
-0.0020656785356426175,-195.9586020230311
