Desplacment,Force
0.004853895329440729,310.81860285683854
-0.0048261034891284825,-309.66559581067503
