Desplacment,Force
0.0031538638928794074,260.0079840268129
-0.0031327505703828908,-256.037531880132
