Desplacment,Force
0.00509297510132943,408.9841828029421
-0.00558434434360199,-408.5509466915537
