Desplacment,Force
0.0063379001181520485,432.01429277294574
-0.006239597808632514,-431.73839458399954
