Desplacment,Force
0.007717631247501291,455.71050712068353
-0.00786484401760253,-456.3168798808805
