Desplacment,Force
0.004987154833911278,394.143134124019
-0.005080963435176477,-393.2823305433667
