Desplacment,Force
0.004360544970163228,351.9881477694516
-0.0056972534510141715,-351.30134012121226
