Desplacment,Force
0.003484361417228425,289.2545792408387
-0.00386653600013192,-284.95617635364994
