Desplacment,Force
0.005854056357118218,363.454405601151
-0.0056416382266775466,-362.7381173595379
