Desplacment,Force
0.0070706722991040645,375.96574647775475
-0.007351520252003091,-377.7197728832344
