Desplacment,Force
0.004555824956992739,338.05222932275285
-0.0047346932742285686,-340.0975319656199
