Desplacment,Force
0.0026551429696812755,220.67060947734035
-0.004930135967288604,-227.7639781771687
