Desplacment,Force
0.00435185863508566,228.03019134048984
-0.004197704277422423,-227.50596160722964
