Desplacment,Force
0.005275101918437756,232.5915446727681
-0.0055094123062119455,-233.4458411761395
