Desplacment,Force
0.003386009620060514,219.77781174503951
-0.0035310304758036874,-219.84352248217635
