Desplacment,Force
0.001043687082650498,112.45386977648151
-0.0013788546029071145,-131.1638446948959
