Desplacment,Force
0.002587128280726557,238.98568778652646
-0.0025184190405529248,-227.67219958786163
