Desplacment,Force
0.0030729447866130323,271.79006205479277
-0.0032478529482268983,-280.8245437964221
