Desplacment,Force
0.004203107881855248,296.79128446996566
-0.004254881247678159,-298.60930768274545
