Desplacment,Force
0.0019734706831000693,187.39241246742162
-0.0020655260440726325,-195.99691041785653
