Desplacment,Force
0.0048536172745919995,311.5244608796659
-0.004825728828007497,-310.35079794212106
