Desplacment,Force
0.0031537278887750135,260.34305735402654
-0.0031325447262259562,-256.33778777765576
