Desplacment,Force
0.00509472772634535,408.6724382050373
-0.005585945911543051,-408.2337033164604
