Desplacment,Force
0.0063375823915500324,431.55058774117975
-0.006239284905831507,-431.2710099075077
