Desplacment,Force
0.007717450470869194,455.1185157946984
-0.007864623395186317,-455.7255895983163
