Desplacment,Force
0.004987029996259105,393.8238320013825
-0.005080817092705814,-392.971902389659
