Desplacment,Force
0.004361372888266876,351.85177062247664
-0.0056989323355588865,-351.1901577968293
