Desplacment,Force
0.004364763955746413,187.72821283589064
-0.004765071235231014,-188.89688784439338
