Desplacment,Force
0.005697301322663204,322.2110964886331
-0.005631668304394172,-321.3161174494935
