Desplacment,Force
0.007067756879296059,330.9723507337242
-0.007180627179524809,-331.4806069066443
