Desplacment,Force
0.004544192975661762,305.878693714864
-0.00461200130955252,-307.0314532001185
