Desplacment,Force
0.0027957600155685256,314.7613820021243
-0.003957191818905539,-332.5054771181702
