Desplacment,Force
0.00399705413573208,351.73513487353233
-0.0040134977075120945,-346.61887083615534
