Desplacment,Force
0.0050325026626995215,404.0835888010373
-0.005106830772805744,-407.1589131511577
