Desplacment,Force
0.003228545328573757,296.09162336247135
-0.003265278904672564,-300.7252499664396
