Desplacment,Force
0.0009777446657888269,120.74094894196521
-0.001707927028153161,-119.09520301034854
