Desplacment,Force
0.0025652781245567866,154.33247178200855
-0.002460176819919684,-153.96355547962594
