Desplacment,Force
0.003055615783790097,158.59185677007792
-0.003200653434656391,-159.28519556725922
