Desplacment,Force
0.0040047755252881085,186.14455675232048
-0.004125534348711251,-186.6538872850601
