Desplacment,Force
0.0019473032866466058,143.95728264859756
-0.002034942580933052,-144.74885773747656
