Desplacment,Force
0.004791491761304473,189.10561100846073
-0.00468939455289144,-188.7558478309264
