Desplacment,Force
0.00310570614775103,180.08909112858626
-0.003035601038797862,-179.14375237077925
