Desplacment,Force
0.006306179188004917,216.70183214836635
-0.006788634150423228,-218.14303386447486
