Desplacment,Force
0.007801920628006411,221.2129085939436
-0.007828152539384448,-221.29142194296588
