Desplacment,Force
0.005020586100854883,212.5085250929815
-0.005036263609892263,-212.53915549831834
