Desplacment,Force
0.0041572785435785055,310.5649603234403
-0.00509108433430471,-307.5803312738854
