Desplacment,Force
0.004366341623460008,187.64774732039456
-0.0047656403417278064,-188.8137434842331
