Desplacment,Force
0.005697396334897785,322.211615062107
-0.005631636803336957,-321.31688787222487
