Desplacment,Force
0.007067777794554804,330.9725332288638
-0.007180702184520255,-331.4808762830209
