Desplacment,Force
0.004544187040773009,305.87972254472476
-0.004612048165047531,-307.0318649952664
