Desplacment,Force
0.002797572239649337,314.8395820043592
-0.003953841929007754,-332.7055571535472
