Desplacment,Force
0.003996811457936883,352.11183289137557
-0.00401286188562735,-346.9758840389614
