Desplacment,Force
0.00503198322318493,404.748152311937
-0.0051064404392086645,-407.83675513627117
