Desplacment,Force
0.0032281774566656615,296.27489084036665
-0.0032650398933412477,-300.9288237413288
