Desplacment,Force
0.000977486835908015,120.73913136123392
-0.0017081740886332728,-119.09431999185898
