Desplacment,Force
0.002565073006021018,154.33038257624915
-0.002460089496919475,-153.962128144152
