Desplacment,Force
0.003055469117847462,158.59077286348196
-0.003200390535188488,-159.28387873557017
