Desplacment,Force
0.004004906285578405,186.0616652819925
-0.0041255295893825325,-186.57000090110768
