Desplacment,Force
0.001947206663999359,143.95417533833546
-0.0020347847296854327,-144.745259741607
