Desplacment,Force
0.004791608863557518,189.02016576196527
-0.004689590166702009,-188.67084990913605
