Desplacment,Force
0.003105768253924119,180.0166490977392
-0.0030357242925323265,-179.07355549412043
