Desplacment,Force
0.00630706717611101,216.70450716181944
-0.006789039666892209,-218.1443946554773
