Desplacment,Force
0.006159376131068177,216.22016912260395
-0.0061516939406392745,-216.21529365616706
