Desplacment,Force
0.007802350655979658,221.21419999534265
-0.007828519455361463,-221.2925242055227
