Desplacment,Force
0.005020845221356749,212.50941535177049
-0.005036493359302638,-212.53996769345815
