Desplacment,Force
0.004157434365435171,310.5490919175202
-0.005089152266384194,-307.5571282650158
