Desplacment,Force
0.0034831197946280437,289.31842938892663
-0.0038656320859132287,-285.02113424733875
