Desplacment,Force
0.005854305139249356,363.4578528845913
-0.005641774582810816,-362.74372565910716
