Desplacment,Force
0.007070769633230516,375.9665653948811
-0.007351805771592151,-377.72147297833254
