Desplacment,Force
0.004555910888212204,338.06263342857864
-0.004734894159128901,-340.1028058514507
