Desplacment,Force
0.0026537326960840487,220.65773504931298
-0.004930087498098892,-227.76337062270915
