Desplacment,Force
0.004352471261942432,228.0339238192847
-0.004198240673191867,-227.51000896113823
