Desplacment,Force
0.005275598963672933,232.59366626294897
-0.005510053210362493,-233.4481178222583
