Desplacment,Force
0.0033863557482252675,219.7854174788588
-0.003531458120746211,-219.8491327489451
