Desplacment,Force
0.0010437153074025637,112.45419537793136
-0.0013788471775496582,-131.16256759142576
