Desplacment,Force
0.002587369626922534,239.00458218408116
-0.002518561507361224,-227.68488002045981
