Desplacment,Force
0.003073117382736101,271.8009461247515
-0.003248128569059728,-280.8414690201181
