Desplacment,Force
0.004203333518789202,296.90840937125
-0.004255083683556292,-298.73066224842364
