Desplacment,Force
0.0019735818568555846,187.40331081341432
-0.0020657112166155758,-196.0113632314804
