Desplacment,Force
0.004853743449964748,311.6666573049031
-0.004825933176205145,-310.4906513325636
