Desplacment,Force
0.0031538192958892345,260.4147386668816
-0.003132681145331686,-256.40559908738777
