Desplacment,Force
0.005093019666976543,408.98145147410065
-0.005584419326823949,-408.55209710266234
