Desplacment,Force
0.006337858465710609,432.0135944418798
-0.006239439161296569,-431.7357194159898
