Desplacment,Force
0.007717370478480548,455.7076459950074
-0.00786474201840264,-456.3158947658266
