Desplacment,Force
0.004987010566064178,394.13767135256217
-0.005080919236176618,-393.2807952869668
