Desplacment,Force
0.004361150386196907,351.84684078170346
-0.005699362672524249,-351.1980819818719
