Desplacment,Force
0.00488974171825104,271.3751334012751
-0.005012058878972529,-269.1024229620875
