Desplacment,Force
0.005628801603138121,408.8418341817662
-0.0055288146000230486,-405.08303089311846
