Desplacment,Force
0.0069849130566801846,437.9402969329541
-0.007112257777639294,-439.5659527719194
