Desplacment,Force
0.004480859872563499,366.0635704252007
-0.004563599548095109,-368.4749433717612
