Desplacment,Force
0.005321305987476774,163.00093216374793
-0.0074665771930733805,-169.25145878919736
