Desplacment,Force
0.003873304192499026,158.5154233983721
-0.0037536612124243122,-157.93135996170477
