Desplacment,Force
0.00496576379996174,161.92171599758694
-0.005144339192326469,-162.46297834962456
