Desplacment,Force
0.0031499719907536355,155.46150607503364
-0.003266671384044729,-156.1316375317042
