Desplacment,Force
0.0011527329990286958,106.7538539446053
-0.0017994711433824858,-105.62414839632656
