Desplacment,Force
0.002732022127869528,120.52996480051512
-0.0026162907594386485,-120.00223388848735
