Desplacment,Force
0.0032723528306933575,122.37211885377495
-0.0034260214016065024,-122.84870936700796
