Desplacment,Force
0.00383465090803867,256.8256533070438
-0.003928911619966994,-259.06435906442647
