Desplacment,Force
0.002072609739973919,117.20555899465283
-0.0021690072977291566,-117.59048110535842
