Desplacment,Force
0.004594098799942317,268.361399560875
-0.004490594347612622,-266.8495801386354
