Desplacment,Force
0.0029745264313807444,233.0368232036507
-0.0029072914771536324,-228.32051687518992
