Desplacment,Force
0.006919115042454346,155.74931821973396
-0.007221560165418975,-156.65663580691682
