Desplacment,Force
0.005930923778128138,152.7843955737229
-0.0059499352291541956,-152.84146516509315
