Desplacment,Force
0.007649900202104054,157.9416808416263
-0.007616062571588369,-157.84016795007926
