Desplacment,Force
0.004907530565559145,149.7092912287174
-0.004889680083083497,-149.6550386607791
