Desplacment,Force
0.004875704078325643,408.9219182037107
-0.005732972516851985,-397.291280879005
