Desplacment,Force
0.003486023450687479,288.9853375075655
-0.0038679779260527105,-284.7045213769838
