Desplacment,Force
0.005853758821472112,363.45028655042347
-0.005641362061935931,-362.73268226491064
