Desplacment,Force
0.007070367880546578,375.9637000582871
-0.0073511374412466865,-377.7174759673532
