Desplacment,Force
0.004555616113388333,338.04175632320477
-0.004734439903788487,-340.09080864237137
