Desplacment,Force
0.0026568986335721925,220.68668133747917
-0.004930350826146536,-227.7661478628681
