Desplacment,Force
0.00435144701751643,228.02766976186103
-0.004197294618890671,-227.50336558181337
