Desplacment,Force
0.005274795824033317,232.59014619473277
-0.005509017051706742,-233.4444374322856
