Desplacment,Force
0.0033857888175462627,219.77301250886364
-0.0035307658232369356,-219.84003257291295
