Desplacment,Force
0.0010433188487085111,112.44723296151078
-0.0013788497260003702,-131.13170015067487
