Desplacment,Force
0.0025871315877881848,238.88171807042158
-0.0025185323629927005,-227.58432239527838
