Desplacment,Force
0.003073028340367883,271.600665965052
-0.003247844494511082,-280.615706793197
