Desplacment,Force
0.004202939918567245,296.43767379786516
-0.004254644542032049,-298.23850700002737
