Desplacment,Force
0.001973531721139536,187.3540041505625
-0.0020655169726900764,-195.9406716653519
