Desplacment,Force
0.004853581278057957,311.084118074197
-0.004825692855737994,-309.9219461616531
