Desplacment,Force
0.0031536760034490165,260.12945849269005
-0.003132501426924106,-256.1434937920296
