Desplacment,Force
0.0050950432350080925,408.6222246538823
-0.005586217926436719,-408.17852623599816
