Desplacment,Force
0.006337469722233325,431.46859940203325
-0.006239260524958839,-431.1898690035052
