Desplacment,Force
0.0077175016079346175,455.0164864481175
-0.007864547273384469,-455.62227206071907
