Desplacment,Force
0.0049870444349845375,393.7697797484637
-0.0050807530968448675,-392.91646467992547
