Desplacment,Force
0.004361661197223821,351.8580211372993
-0.0056984687859134965,-351.18205753950315
