Desplacment,Force
0.0048931704151239305,271.55568094331693
-0.005013622600032837,-268.8819388808109
