Desplacment,Force
0.005637654866303952,409.4749059837266
-0.005531828598684325,-405.5549846411961
