Desplacment,Force
0.006993705577609761,438.55347593500125
-0.007128297609753504,-440.28291603726143
