Desplacment,Force
0.004486036587907408,366.50872011758315
-0.004573402720081204,-369.1453646144389
