Desplacment,Force
0.005308870632645547,163.76549494806324
-0.007355550274207747,-169.7723570710318
