Desplacment,Force
0.003878087809715752,159.32369869824197
-0.00374848083048842,-158.69172638985646
