Desplacment,Force
0.004965396922297597,162.71682993624822
-0.005145335076447163,-163.26732232248517
