Desplacment,Force
0.003149600616942257,156.20831679911265
-0.0032672648258656955,-156.89871167652677
