Desplacment,Force
0.000981518879476498,115.18898355426117
-0.0016272717129321341,-119.27608338358887
