Desplacment,Force
0.0026867362022041322,155.83338303508725
-0.002593998330860098,-155.50259023144764
