Desplacment,Force
0.0032391093539624024,159.72055802661723
-0.003378813218350546,-160.35346072744989
