Desplacment,Force
0.003862807949666921,257.3013116627501
-0.0039352183609395784,-259.14040986509343
