Desplacment,Force
0.0020516082207039177,146.75439599795672
-0.002137368758308249,-147.3396040157912
