Desplacment,Force
0.0046029966328294415,268.4782851053288
-0.004518570676245051,-267.13283104574344
