Desplacment,Force
0.002979607788792377,233.26274710581865
-0.0029257665354361193,-228.97237007969343
