Desplacment,Force
0.006928535957684433,155.14848987543522
-0.007254385996455493,-156.1260248676767
