Desplacment,Force
0.00594576140889053,152.16653918216196
-0.005960128350527567,-152.24298634315568
