Desplacment,Force
0.007662246254128245,157.34962610920448
-0.007636029548248312,-157.27097599156468
