Desplacment,Force
0.004915553023642371,149.10471243097817
-0.004902462510280396,-149.06486370008994
