Desplacment,Force
0.004920448389426764,410.06979708476086
-0.00570929549261052,-397.0119328037755
