Story,Max Ductility
1,3.224500217223822
2,3.11840805795278
3,3.6687080365973035
4,5.704752438360733
5,1.5974334742047454
