Desplacment,Force
0.003465797025587652,292.6033304853905
-0.0038937340991534223,-293.22500490620905
