Desplacment,Force
0.005862672306274604,274.315339772472
-0.00565093872105511,-273.3238932057332
