Desplacment,Force
0.007131110441057253,279.05459346919343
-0.007411025664366349,-279.9642871899012
