Desplacment,Force
0.004589006099797673,266.58218307368315
-0.004766957683011321,-267.284312449579
