Desplacment,Force
0.0024774875751402644,283.30701207496264
-0.00370855843153666,-327.6852998076571
