Desplacment,Force
0.004296082982938815,383.82778200274697
-0.004185581145529869,-372.72754664562154
