Desplacment,Force
0.005254569860393489,441.3751593334562
-0.0054666200951069294,-447.8756424915112
