Desplacment,Force
0.0033704816487955327,315.0269670027129
-0.003499184407378878,-325.46821524951105
