Desplacment,Force
0.001147396507593979,118.75596080245185
-0.0014562048238746935,-142.46623515220415
