Desplacment,Force
0.00250269780320452,243.45709375033263
-0.002460491760697587,-235.59252135167114
