Desplacment,Force
0.002999382790070494,283.19608456789285
-0.00314141355454228,-298.63041086814013
