Desplacment,Force
0.004245456235242152,310.46671692041247
-0.004299783129939303,-313.119591246262
