Desplacment,Force
0.001924856537933174,187.47371958005047
-0.001997346331049863,-196.247365678062
