Desplacment,Force
0.004897014783174004,328.0213299561062
-0.004871981741658678,-326.475657298519
