Desplacment,Force
0.00318299606240556,269.315679755692
-0.003163020582954765,-264.6252402714279
