Desplacment,Force
0.005190638406987507,447.93008653930104
-0.005654457422696954,-450.8614714505692
