Desplacment,Force
0.006421178468367375,487.1403197529661
-0.00631043331612839,-487.53112517820523
