Desplacment,Force
0.007804200579481558,529.1971477430662
-0.007964888417874797,-529.8919586299265
