Desplacment,Force
0.005044014312613343,431.17851501052434
-0.005146170652715389,-429.8008012634723
