Desplacment,Force
0.004635768949838842,269.35226711336344
-0.005911105607976719,-272.52353910982015
