Desplacment,Force
0.003484409208307669,289.2579698487745
-0.003865679907423181,-284.9362126104596
