Desplacment,Force
0.0058538496503422865,362.76328851926644
-0.005640804398669184,-362.04733658352825
