Desplacment,Force
0.007070334153723637,375.1608358076624
-0.007351529710226937,-376.9033962175338
