Desplacment,Force
0.0045555366719469146,337.5805846853548
-0.00473468313371492,-339.58834990791695
