Desplacment,Force
0.0026587080046629593,220.70144308808227
-0.004933193103583145,-227.78501318138723
