Desplacment,Force
0.004352273586787418,228.0326756534097
-0.0041976432483696,-227.50891661522644
