Desplacment,Force
0.00527552749677151,232.59319135445614
-0.005510076905745398,-233.44820177690482
