Desplacment,Force
0.003386202797004985,219.7839027289949
-0.003531429064958999,-219.84865726703072
