Desplacment,Force
0.0010439831672132672,112.48337001056892
-0.001378936123769186,-131.17197394917963
