Desplacment,Force
0.0025870929991950982,238.97023968597742
-0.0025183224199970622,-227.66032923854493
