Desplacment,Force
0.0030728270979973027,271.7791730412122
-0.003247794501949934,-280.81060983568403
