Desplacment,Force
0.004202875415957139,296.7842416823367
-0.004254544288336619,-298.6007634518303
