Desplacment,Force
0.0019733912202201847,187.37866245599886
-0.0020654742647009065,-195.992589513484
