Desplacment,Force
0.0048532246435123135,311.51837088228916
-0.0048254106275229065,-310.34503459156093
