Desplacment,Force
0.0031534673168611463,260.33118671562397
-0.003132340094087627,-256.3268311915002
