Desplacment,Force
0.005094227129088646,409.02328080363304
-0.005584861475957652,-408.57156583038784
