Desplacment,Force
0.006337360824404647,432.003030691349
-0.006238950983506381,-431.72691418122764
