Desplacment,Force
0.00771687135390415,455.70283723909756
-0.007864127208790355,-456.3098695731534
