Desplacment,Force
0.004986665610598985,394.1267328183828
-0.005080521360104964,-393.2662936387748
