Desplacment,Force
0.00436719830922091,351.3309313332102
-0.005706171682207859,-350.73763792857113
