Desplacment,Force
0.004365922526825587,187.64632146254374
-0.004765251264878046,-188.81231493876223
