Desplacment,Force
0.005697089060559071,321.6014189846094
-0.005631139554763162,-320.7143968992792
