Desplacment,Force
0.007067683263443122,330.299273262079
-0.0071805824369118925,-330.80468162826713
