Desplacment,Force
0.004544068656765621,305.39757493933894
-0.0046119429800271965,-306.5458325911567
