Desplacment,Force
0.002798573906318792,314.93692751732107
-0.003955157171518598,-332.778906897808
