Desplacment,Force
0.003996806967283253,352.11380841565835
-0.0040129521448857884,-346.97808330124434
