Desplacment,Force
0.005032216824313203,404.7562166456867
-0.005106557355207591,-407.84201492467867
