Desplacment,Force
0.003228287711292483,296.28176131821397
-0.0032650840779939036,-300.93290808721287
