Desplacment,Force
0.0009783155297536426,120.77979575267302
-0.001708763817825103,-119.13097642261086
