Desplacment,Force
0.0025647676495543685,154.32712582979468
-0.00245966527588843,-153.95714352141053
