Desplacment,Force
0.0030550429736097063,158.58834166566024
-0.0032000250901342763,-159.2820617845449
