Desplacment,Force
0.004004514156211133,186.05994603247018
-0.004125252895662101,-186.56879786771546
