Desplacment,Force
0.0019469003681636524,143.9446478982925
-0.0020345315202197926,-144.73948606736593
