Desplacment,Force
0.004791240950012464,189.01895143847366
-0.004689106920252632,-188.669209596253
