Desplacment,Force
0.0031055311275373625,180.01433000972375
-0.003035413709495272,-179.070057650009
