Desplacment,Force
0.00630793553769479,216.70714748963266
-0.006789588934943764,-218.14557383149034
