Desplacment,Force
0.006158945417234369,216.21868065568546
-0.006151317993927727,-216.21414105756458
