Desplacment,Force
0.007801942195350936,221.2129731301264
-0.007827983168336154,-221.29091285002158
