Desplacment,Force
0.005020575284626829,212.5084755588384
-0.005036149300961335,-212.53872686246
