Desplacment,Force
0.004161396855545999,310.0733971501361
-0.005094761555383695,-307.1324614310781
