Desplacment,Force
0.004509317787162928,188.11754616266182
-0.004866076361396188,-189.15064514248968
