Desplacment,Force
0.005724693888096666,462.5634099390405
-0.005666960864831789,-460.0572847595738
