Desplacment,Force
0.007077970942970887,513.3917996862074
-0.007203289289899182,-515.292854468315
