Desplacment,Force
0.004553748006114172,400.5687732739857
-0.004627553910698417,-403.1608584185453
