Desplacment,Force
0.002716513399980978,300.4177687314944
-0.003676586507236346,-322.38189442128834
