Desplacment,Force
0.003977807905477651,357.4183244568032
-0.0039688670064918895,-351.4914249534892
