Desplacment,Force
0.004975637884275699,414.373358237683
-0.005068170689265368,-418.2539605116951
