Desplacment,Force
0.0031939322740558705,297.28354581586785
-0.003243487347951473,-302.8655162611737
