Desplacment,Force
0.001077351731979891,118.68457835254289
-0.001407945497241437,-130.84670009231618
