Desplacment,Force
0.002520841978492728,220.74573970758593
-0.002414270475905307,-213.5908768103154
