Desplacment,Force
0.0030125186246975633,250.2284873479863
-0.003165260219646472,-253.67070916856827
