Desplacment,Force
0.004126974462158229,186.56893399341007
-0.004212522644461495,-186.9119746364727
