Desplacment,Force
0.0019183679836228963,179.47339454402885
-0.002012035820241277,-185.60168113411743
