Desplacment,Force
0.0049048339545298995,189.38774108699837
-0.004838713854254038,-189.16577707994568
