Desplacment,Force
0.0031773525512322123,180.65638487507405
-0.0031311164243026,-180.04150756514082
