Desplacment,Force
0.006287152900863869,217.5045288474478
-0.006746545354814812,-218.881264996463
