Desplacment,Force
0.006282846813459902,217.47996409614862
-0.006243943810578756,-217.36210975707885
