Desplacment,Force
0.00791681276041929,222.40884719789855
-0.007978636965012609,-222.57501749671027
