Desplacment,Force
0.005093501670703538,213.61295492486494
-0.0051320520762253245,-213.70800495556009
