Desplacment,Force
0.00387086981053578,389.41577968404675
-0.004499918875242058,-380.3856129704928
