Desplacment,Force
0.004867776092035521,313.8918279297669
-0.004928663720169427,-305.1125330920676
