Desplacment,Force
0.005369767172569473,181.60586533367137
-0.005166261493527902,-180.98784387413298
