Desplacment,Force
0.006889033730862892,186.18360317628964
-0.0070489819798821235,-186.66363537988119
