Desplacment,Force
0.004379464620292614,178.4717464454758
-0.0044955549658540735,-178.85033141889403
