Desplacment,Force
0.006605820373459108,185.46007018187112
-0.008647134677794825,-191.61617811624424
