Desplacment,Force
0.003796441296153141,176.57535167590123
-0.003803187347165174,-176.15373201460235
