Desplacment,Force
0.005063783260191388,180.7925158962587
-0.005205962682609946,-181.26434645297124
