Desplacment,Force
0.0031804304096170032,172.94225299983364
-0.0032774742803604318,-173.73350782839873
