Desplacment,Force
0.001455472350623084,147.11378784331754
-0.0016373062070954097,-155.29419629584064
