Desplacment,Force
0.0024745871894244985,228.67296069283296
-0.002342350992195894,-217.17936792321345
