Desplacment,Force
0.002943056560988094,263.5958633293881
-0.0031343477014344552,-272.52074752899927
