Desplacment,Force
0.0037964815185158895,285.31991795887586
-0.003842816578193522,-288.34621051526904
