Desplacment,Force
0.0018401058572076068,177.9036417040317
-0.0019666326641363317,-187.54582928598722
