Desplacment,Force
0.004490702802127308,305.4879485636915
-0.004408827953123909,-302.26948969370164
