Desplacment,Force
0.0029055936569593707,248.95795942906784
-0.002855257143434237,-242.30981622618629
