Desplacment,Force
0.007157226628283149,223.8472284841615
-0.007224205017693007,-224.04675613144332
