Desplacment,Force
0.00587079977135922,219.906581276827
-0.005862471672729329,-219.8922624796805
