Desplacment,Force
0.007524753218644472,224.96748294957732
-0.007491181978954601,-224.86546904275556
