Desplacment,Force
0.004825140170852442,216.2843062635115
-0.0048126054189980266,-216.16796346902487
