Desplacment,Force
0.007677553064419418,188.54993636725746
-0.008831018859518118,-192.00998805032887
