Desplacment,Force
0.003486666014894231,288.80759645982715
-0.0038688529092871624,-284.5467922700579
