Desplacment,Force
0.0058537107226106335,363.6159935056835
-0.005641420576522024,-362.89841257106167
