Desplacment,Force
0.007070274978101745,376.15738441795617
-0.007350994248373737,-377.91419165597705
