Desplacment,Force
0.004555574036138451,338.1530439624535
-0.004734354866698542,-340.21140531502283
