Desplacment,Force
0.002656655752818223,220.6849276561723
-0.004929726896281158,-227.76214439709904
