Desplacment,Force
0.004351335558658701,228.02698673292997
-0.0041972602930121445,-227.5026951825111
