Desplacment,Force
0.0052747034484337185,232.58973699941012
-0.005508869679434506,-233.44391501375512
