Desplacment,Force
0.0033857428245986057,219.77167909797637
-0.003530677351939466,-219.83888161933785
