Desplacment,Force
0.0010430537495214572,112.43403305614636
-0.0013787927079319938,-131.1098233581328
