Desplacment,Force
0.002587234756989227,238.83824126393773
-0.0025186673479883756,-227.54675407260453
