Desplacment,Force
0.003073163566920808,271.5096469314189
-0.003247950253117303,-280.5170960510953
