Desplacment,Force
0.004202987415393708,296.22435535473437
-0.004254655168735032,-298.01438099712743
