Desplacment,Force
0.001973623490590147,187.34148186763534
-0.002065589955294854,-195.91763966256477
