Desplacment,Force
0.004853724141084483,310.81604813843165
-0.0048258547789838905,-309.66149428527876
