Desplacment,Force
0.0031537526258221976,260.0029667288465
-0.0031325923926905403,-256.02982835913275
