Desplacment,Force
0.005094583468791238,408.65720878571454
-0.005585904230690011,-408.21713130021374
