Desplacment,Force
0.0063375902233161335,431.5318192288393
-0.006239408463267785,-431.2537764106259
