Desplacment,Force
0.007717653537587134,455.09640285255796
-0.007864683755805093,-455.7018184784749
