Desplacment,Force
0.004987141766515976,393.8149427163634
-0.00508083700520409,-392.96006492115185
