Desplacment,Force
0.004360437752090875,351.98717003200903
-0.005696657941193928,-351.29033390399456
