Story,Max Ductility
1,2.7513893942909076
2,7.001955476474676
3,2.5504355351299344
4,7.008264660650868
5,1.4604651751504247
