Desplacment,Force
0.004365834920176982,187.273841317455
-0.004766344217775087,-188.4436767344868
