Desplacment,Force
0.005696265741074447,321.10509651799936
-0.005630504419986239,-320.2252632065055
