Desplacment,Force
0.007067284824581117,329.75580080367723
-0.0071798435159038144,-330.25780611579415
