Desplacment,Force
0.004543779943443379,305.0030251991684
-0.0046114373104380905,-306.146946248433
