Desplacment,Force
0.0027978812922517895,314.99644700944833
-0.003962471055305903,-332.65158589622155
