Desplacment,Force
0.003996797151435707,351.57547990134714
-0.004013790742883488,-346.4752590970443
