Desplacment,Force
0.005032999298006518,403.8364955153938
-0.005106837333948917,-406.89478891910835
