Desplacment,Force
0.0032287955139451057,296.02508940484273
-0.0032652123891070218,-300.63768776508044
