Desplacment,Force
0.0009789333513749029,120.78288443905986
-0.001708246390587827,-119.10718943836845
