Desplacment,Force
0.0025648629748872553,154.327859120797
-0.002459561025419763,-153.9560097009238
