Desplacment,Force
0.0030550070321124453,158.58814988288674
-0.003200106601006895,-159.28236004485697
