Desplacment,Force
0.00400378134643967,185.69247948137166
-0.004124745734833132,-186.19974335857134
