Desplacment,Force
0.001946849093526065,143.94182127083687
-0.0020345508279990257,-144.73931225900623
