Desplacment,Force
0.0047908178443667425,188.6425526177254
-0.004688442785548497,-188.2928743848848
