Desplacment,Force
0.0031052331930752296,179.69026254435298
-0.003034955499040335,-178.75336071983858
