Desplacment,Force
0.0063075365627061645,216.70597322070589
-0.0067894860747937805,-218.14449236091892
