Desplacment,Force
0.006158141509555547,216.21602784896822
-0.006150683574359718,-216.2121983409016
