Desplacment,Force
0.007801098777704174,221.210440368541
-0.0078269463189941,-221.2877977742554
