Desplacment,Force
0.005020032939394026,212.50661967020864
-0.005035472694485369,-212.5363107332597
