Desplacment,Force
0.004164910242159706,309.7179671476599
-0.005102392960821936,-306.8252146432212
