Desplacment,Force
0.004892170904614642,272.2173958207303
-0.005019486986931573,-269.52454957181135
