Desplacment,Force
0.005636611710893915,409.085697633977
-0.0055315942126253435,-405.1894029337421
