Desplacment,Force
0.0069941455288575274,438.05876210047046
-0.007127762775833597,-439.77211369153395
