Desplacment,Force
0.004486223524564823,366.27954993882076
-0.0045729365881432065,-368.88915346283443
