Desplacment,Force
0.00532028862442378,162.99786765123244
-0.007385213540317296,-169.05371185498552
