Desplacment,Force
0.003876544056232779,158.5247432336778
-0.003747277367474598,-157.90470648764858
