Desplacment,Force
0.0049651060556869095,161.91553065499434
-0.0051452905168191615,-162.46578770690363
