Desplacment,Force
0.003149174919664847,155.45150359410553
-0.003267008691171339,-156.12970105309873
