Desplacment,Force
0.0009807412661655497,115.18241364342114
-0.001626751222677078,-119.43504465169023
