Desplacment,Force
0.0026860947176420924,156.27291730785143
-0.002593998512025609,-155.94385671195056
