Desplacment,Force
0.0032390409557398873,160.2098606810667
-0.0033785399152210533,-160.84818998799156
