Desplacment,Force
0.003861095375994805,257.7818069844457
-0.00393497052816033,-259.6657473171161
