Desplacment,Force
0.002051495249288189,147.0731753004772
-0.0021370452382467953,-147.676781598588
