Desplacment,Force
0.00460209655392726,269.10188067860855
-0.0045165856353618986,-267.72610264609835
