Desplacment,Force
0.002979192469613869,233.58373230418348
-0.002924483959981639,-229.22866747902953
