Desplacment,Force
0.0069325773917453095,154.5884281462602
-0.007260474062643523,-155.57210440832245
