Desplacment,Force
0.0059434052513786546,151.59813043430583
-0.0059593366655367195,-151.66844334751764
