Desplacment,Force
0.007661718910533549,156.775856389312
-0.007634133160462237,-156.69309913909805
