Desplacment,Force
0.004915159562777289,148.531616761333
-0.004901109910550931,-148.48891158584087
