Desplacment,Force
0.004927298634732742,409.9085898949473
-0.005723944309981249,-397.12547665466144
