Story,Drift
1,1.2061304156224777
2,1.9096512675692816
3,1.7382695645088597
4,1.2937576105991797
5,0.7351834243550441
