Story,Max Ductility
1,3.7296812648110373
2,4.190820861131126
3,8.086803331367154
4,2.9151424312544316
5,1.873123710839997
