Desplacment,Force
0.004364327673008075,187.64151067787992
-0.004764889600237023,-188.81092250900633
