Desplacment,Force
0.005696773396985774,321.4070946418757
-0.005630959980964071,-320.52248176209054
