Desplacment,Force
0.007067561653981768,330.08618751643047
-0.0071803306625899755,-330.5903577705378
