Desplacment,Force
0.004543993890800085,305.242876829769
-0.004611771773290019,-306.39023007328586
