Desplacment,Force
0.0027968217137313294,314.88808948737716
-0.003960179422166954,-332.5678117196364
