Desplacment,Force
0.003997038136386655,351.6325278605325
-0.00401376109881266,-346.5235349448048
