Desplacment,Force
0.0050329218036106625,403.9144395454893
-0.005107011306164469,-406.9810471532782
