Desplacment,Force
0.0032287690203094254,296.0494965778097
-0.0032653487642932363,-300.6722377575405
