Desplacment,Force
0.0009788149312981204,120.78785626890338
-0.001708493688484521,-119.13166936441868
