Desplacment,Force
0.0025649437774534337,154.32884793315512
-0.0024596676572823154,-153.95757752884438
