Desplacment,Force
0.003055117415663973,158.58899329040426
-0.0032002455001320885,-159.28314386759834
