Desplacment,Force
0.0040041724754276845,186.05853646310769
-0.004125106998989768,-186.56806334829727
