Desplacment,Force
0.0019469397251602007,143.9456968188802
-0.00203465263935326,-144.74211252945136
