Desplacment,Force
0.0047909837498169095,189.018085672312
-0.004688705284746403,-188.6678701891299
