Desplacment,Force
0.0031053726415459513,180.01238396272532
-0.0030351510423593402,-179.0674169534951
