Desplacment,Force
0.0063071141045519695,216.7046824939201
-0.006789251524699773,-218.1441872840753
