Desplacment,Force
0.0061584761236691266,216.2172254175987
-0.006150879047895006,-216.21279542977123
