Desplacment,Force
0.007801285395443137,221.21100070174347
-0.007827326916895631,-221.28894129176712
