Desplacment,Force
0.005020168653218376,212.50707837692542
-0.005035731213074187,-212.53724004456828
