Desplacment,Force
0.004162575980890173,309.9443140562726
-0.005099085106390961,-307.02807266905614
