Desplacment,Force
0.004895821154561298,271.5315392948563
-0.005020672238376216,-268.9372815159289
