Desplacment,Force
0.005636643001473746,409.96419171718014
-0.005532102895791675,-406.0577501775058
