Desplacment,Force
0.006993834434364744,439.26188767413805
-0.007127660208880942,-440.99210412121664
