Desplacment,Force
0.004486135537805925,366.83812680370005
-0.004572885801322507,-369.45836856943407
