Desplacment,Force
0.005314392056529131,162.9801621079009
-0.0073758724436205955,-169.03155116294434
