Desplacment,Force
0.00387624377651376,158.5236352362317
-0.0037477550097769893,-157.90638682690988
