Desplacment,Force
0.004964816965931448,161.91448057673503
-0.005144802225325154,-162.4643158105814
