Desplacment,Force
0.003149119772995035,155.45157325254868
-0.0032667297428205493,-156.12854064613884
