Desplacment,Force
0.000978947921692343,115.17314126763262
-0.001622133793873962,-119.50720909452876
