Desplacment,Force
0.002685993979112145,156.73793405440156
-0.002593693190796816,-156.413005658916
