Desplacment,Force
0.0032387554407308393,160.72614378445493
-0.0033783159691448917,-161.37004591357675
