Desplacment,Force
0.003861596058364594,257.2799998117272
-0.003935348683371864,-259.1379050298972
