Desplacment,Force
0.002051347573598592,147.41431201420153
-0.0021369403400646704,-148.03059449499952
