Desplacment,Force
0.0046030479889584575,268.4783112245212
-0.004517887264172014,-267.1253548948498
