Desplacment,Force
0.0029797436023108735,233.26231055900703
-0.002925232823427878,-228.95167169018558
