Desplacment,Force
0.00692838774932277,155.14804522887547
-0.007256877127107506,-156.1334983832918
