Desplacment,Force
0.005945287715627077,152.16787311510757
-0.005960462344401804,-152.24398841412722
