Desplacment,Force
0.007662604063520937,157.35069953738255
-0.007635890618650307,-157.27055920277067
