Desplacment,Force
0.004915769431090797,149.10536197678806
-0.004902274402147586,-149.06429569631004
