Desplacment,Force
0.004919909297493586,410.6033898219316
-0.005713464247125133,-397.64616075989727
