Desplacment,Force
0.00436640636350046,187.63486266459643
-0.004765698900298187,-188.80086295047445
