Desplacment,Force
0.0056973845161194196,322.21150486101635
-0.005631629490624281,-321.31681420266295
