Desplacment,Force
0.0070677700017843965,330.97249635293053
-0.007180687824540711,-331.4808140219503
