Desplacment,Force
0.004544181698212825,305.87960768054234
-0.004612038675140862,-307.03169490990825
