Desplacment,Force
0.0027975982958100935,314.841960914308
-0.003953885023000286,-332.70798590914177
