Desplacment,Force
0.003996802333318737,352.1113054404211
-0.004012858959699646,-346.97558157640844
