Desplacment,Force
0.005031979935830111,404.74792204780897
-0.00510643099663924,-407.83633502693084
