Desplacment,Force
0.0032281750913739533,296.2746527640506
-0.003265033549542944,-300.9283613892164
