Desplacment,Force
0.0009774758062307404,120.73826693031772
-0.0017081567368087882,-119.09286173238571
