Desplacment,Force
0.002565074568625705,154.3303953751731
-0.0024600926657786745,-153.96215280713304
