Desplacment,Force
0.0030554719462853905,158.5907812361235
-0.003200390900772734,-159.28387733276452
