Desplacment,Force
0.004004899969475515,186.04883220294602
-0.0041255218636766025,-186.55707753588808
