Desplacment,Force
0.0019472083487746881,143.95419083056862
-0.0020347848861132674,-144.74524703258885
