Desplacment,Force
0.0047916098184716685,189.00698793631605
-0.004689590039643707,-188.6576994611109
