Desplacment,Force
0.003105767705630829,180.00537699811767
-0.003035723281948115,-179.0625885684783
