Desplacment,Force
0.006307070387542923,216.70451704404613
-0.006789040082216159,-218.14439068942627
