Desplacment,Force
0.006159372842892001,216.22015579951935
-0.0061516945606932836,-216.21529563451338
