Desplacment,Force
0.0078023527915840754,221.21420641575384
-0.007828516856803676,-221.29251639873573
