Desplacment,Force
0.005020846113469248,212.50941888490968
-0.005036491178886384,-212.5399598782997
