Desplacment,Force
0.004157447882043352,310.54928473376236
-0.005089163461150946,-307.55724047970153
