Desplacment,Force
0.0036335729558203203,359.4187831436133
-0.0039298395918634845,-352.16054473049184
