Desplacment,Force
0.005791778844045941,363.2915604168755
-0.005565366497690258,-362.4896478420916
