Desplacment,Force
0.007035245451358112,376.33985636568804
-0.00733521721776188,-378.1562054872154
