Desplacment,Force
0.004524901138765425,338.0267334688762
-0.00471650888260446,-340.1704777496254
