Desplacment,Force
0.003955691195784405,138.04418284388524
-0.007075562730183162,-147.40394648520206
