Desplacment,Force
0.004292551409570946,139.0183686669923
-0.0040589152940603695,-138.33585759857445
