Desplacment,Force
0.005268501332876866,141.98367213845523
-0.005573095606630803,-142.86685508191312
