Desplacment,Force
0.0033607292971587193,136.12688347405165
-0.003554906658655452,-136.74032873834167
