Desplacment,Force
0.0010068155078630059,110.96492726046468
-0.0013500321691833571,-127.64942567817708
