Desplacment,Force
0.002662273583043528,240.83091138908745
-0.002583575872644603,-228.31467660696705
