Desplacment,Force
0.00315024124909383,271.7057716173292
-0.0033496167613786144,-279.17729852086296
