Desplacment,Force
0.004100404548447116,371.6524944401899
-0.004172899244514473,-382.46293920639715
