Desplacment,Force
0.002021685922613779,189.0048741893673
-0.002123822006300217,-198.73657468310415
