Desplacment,Force
0.004750903777811206,422.2692077979193
-0.0047066453711120965,-411.8627227393085
