Desplacment,Force
0.0030878817777604825,297.69578531997473
-0.0030555871271498334,-289.9083370682124
