Desplacment,Force
0.005209588569686825,410.67800126713473
-0.005735488256275915,-411.18777309091814
