Desplacment,Force
0.00624701608214313,429.5916157552046
-0.006165556341227439,-429.548609091119
