Desplacment,Force
0.007635337372141429,454.17571657189154
-0.00776558891823101,-454.63800139718126
