Desplacment,Force
0.004930993758458398,391.56454228573784
-0.00501389904661308,-390.3159740141116
