Desplacment,Force
0.00503001614829054,360.76536929979176
-0.006546581499369138,-363.8619868824788
