Desplacment,Force
0.0036934630549122736,359.7269779296078
-0.004012397362220672,-354.5289921994478
