Desplacment,Force
0.005826011395189802,456.27780136447484
-0.005662084820906287,-449.24147342987106
