Desplacment,Force
0.007084312331595545,500.60529828670434
-0.007334481720704542,-502.301105496603
