Desplacment,Force
0.004561314582614977,394.839809440853
-0.004717586138783032,-401.96583643973065
