Desplacment,Force
0.003539278909061201,159.50281645615675
-0.006045381044365467,-166.6685194920369
