Desplacment,Force
0.004218446505615873,161.50740024878448
-0.004035814840393762,-160.89435573197966
