Desplacment,Force
0.005166717123855892,164.4242497883298
-0.005423680936598323,-165.1987130060836
