Desplacment,Force
0.0033050496402210246,158.09112610792042
-0.003466185774630264,-158.80554355307405
