Desplacment,Force
0.0010968163600792015,117.0707084782144
-0.0013838069625619778,-132.54066160915647
