Desplacment,Force
0.0026320610376250686,243.98795630407707
-0.0025334039186514883,-232.60362112268731
