Desplacment,Force
0.003116810722285201,279.8766010698735
-0.0033137807976401853,-289.0301824748885
