Desplacment,Force
0.004133660164630227,371.0074022652967
-0.004198792531143303,-380.95486185489807
