Desplacment,Force
0.0019869011479612324,191.3804872127407
-0.0021035555940971677,-200.52953643078985
