Desplacment,Force
0.004784262366290932,419.17476479164486
-0.004743253956530999,-409.74381485025526
