Desplacment,Force
0.0031106738297856976,298.2960321415051
-0.0030808000529721174,-290.8285249833974
