Desplacment,Force
0.005747280744864024,299.9641727705641
-0.006166376851059986,-301.0262379763482
