Desplacment,Force
0.006229798928853343,302.158475994713
-0.006155825600762573,-301.87253427029754
