Desplacment,Force
0.007711014132367112,308.1239404875209
-0.007823797605817421,-308.4748520112574
