Desplacment,Force
0.004971930199725043,292.96683804029294
-0.005043988237898566,-293.2179287663881
