Desplacment,Force
0.004312242142261179,420.9631880242009
-0.005346116414890073,-419.19342397560285
