Desplacment,Force
0.0034830638077134163,289.3750678224874
-0.003865509826787673,-285.072323662807
