Desplacment,Force
0.005854302311400051,363.45782865850606
-0.005641805480823054,-362.74327373890014
