Desplacment,Force
0.0070708108950403485,375.9667952391256
-0.00735180859159789,-377.7214960819643
