Desplacment,Force
0.004555934625552398,338.06182053132056
-0.004734892744200827,-340.10280086603206
