Desplacment,Force
0.002653733352984495,220.65767604701003
-0.0049300736991836625,-227.76328547831912
