Desplacment,Force
0.0043523916596198715,228.03344037900777
-0.004198183804798566,-227.50941364662438
