Desplacment,Force
0.005275526923083242,232.59336797559186
-0.005509961833982735,-233.4477922649968
