Desplacment,Force
0.0033863084131484124,219.7842863819372
-0.0035313979932848007,-219.8483414871712
