Desplacment,Force
0.0010437258057015028,112.45716422827599
-0.0013788834511358483,-131.16589890730503
