Desplacment,Force
0.002587332626838572,239.0017048805427
-0.0025185354791263256,-227.68227872805565
