Desplacment,Force
0.0030730866496196866,271.7988624046565
-0.00324809073640347,-280.8388560256882
