Desplacment,Force
0.004203298029924459,296.97155827587125
-0.004255072328928303,-298.7974626184634
