Desplacment,Force
0.00197356198933776,187.4013726823988
-0.0020656858645567524,-196.00936827146867
