Desplacment,Force
0.004853698211381045,311.746760467255
-0.0048258644612373305,-310.56815348591687
