Desplacment,Force
0.003153795107297249,260.45237666531074
-0.003132641183295344,-256.43887688682
