Desplacment,Force
0.005093449070728732,408.89165069813276
-0.005584841952566281,-408.46111628103773
