Desplacment,Force
0.0063377853820429115,431.8824444570101
-0.00623938641081011,-431.60376269409863
