Desplacment,Force
0.0077173679911190325,455.5402363527442
-0.007864707578811843,-456.14843031730027
