Desplacment,Force
0.00498700405098528,394.0481763659288
-0.005080892770492532,-393.19334636319144
