Desplacment,Force
0.004361065653247184,351.8454078293531
-0.005699267696228768,-351.19624881040517
