Desplacment,Force
0.004508933816693347,188.11629990361598
-0.004865773518522519,-189.14972174712224
