Desplacment,Force
0.005724729981209344,462.2091083078609
-0.0056670750793244035,-459.70931193984575
