Desplacment,Force
0.007078083579357916,512.8390726406769
-0.007203324978878803,-514.7352975189884
