Desplacment,Force
0.00455382500356364,400.3704830118622
-0.004627578217812604,-402.9494151088659
