Desplacment,Force
0.0027162120180755467,300.41692079745036
-0.0036768918071605665,-322.4003499456361
