Desplacment,Force
0.003977785860954888,357.418746021306
-0.003968947486956233,-351.4957779917043
