Desplacment,Force
0.0049757157207825885,414.377929030081
-0.005068197524887827,-418.25594982474564
