Desplacment,Force
0.0031939819861484054,297.28770654646314
-0.0032434958064399603,-302.8671273983106
