Desplacment,Force
0.0010772597480069597,118.6826823318176
-0.0014080886023903445,-130.86022431506666
