Desplacment,Force
0.0025207481690389536,220.74038197781576
-0.0024141637154319624,-213.58543988728866
