Desplacment,Force
0.0030124419858074806,250.22039666190983
-0.0031651429834329975,-253.6658569677356
