Desplacment,Force
0.004126738806652053,186.56798872430738
-0.004212363209910609,-186.9113632436543
