Desplacment,Force
0.0019183202270618258,179.46787035662314
-0.0020119572210523097,-185.59602359700278
