Desplacment,Force
0.004904606608398047,189.3870109738517
-0.00483841364671096,-189.1647950111306
