Desplacment,Force
0.003177211494536276,180.65520089128051
-0.003130926138691703,-180.0397066888444
