Desplacment,Force
0.006287275468674951,217.50491121075726
-0.0067467317082962,-218.88183426515218
