Desplacment,Force
0.006282610382995727,217.4792393400574
-0.006243788411458168,-217.36163466718054
