Desplacment,Force
0.007916626214142014,222.40887865163785
-0.007978365006749342,-222.57415284617343
