Desplacment,Force
0.005093385392805279,213.61255809733436
-0.00513188007327425,-213.7073673304951
