Desplacment,Force
0.0038707998056946055,389.3000936581499
-0.004500381586484395,-380.25067724413657
