Desplacment,Force
0.0037886091986618566,296.18342334606245
-0.004015160763101656,-288.8070909239601
