Desplacment,Force
0.005802611931582896,362.8504579496194
-0.005540155388569986,-362.174675353029
