Desplacment,Force
0.006999843187864537,375.71493099195465
-0.007311590692365816,-377.50458700367943
