Desplacment,Force
0.0045020266162053724,337.21824256792695
-0.004705525385681113,-339.4179021193786
