Desplacment,Force
0.0037506285284938127,177.69986417506396
-0.0060322483537618155,-184.46536803538237
