Desplacment,Force
0.004288415387711476,179.1896076922843
-0.004050353015494625,-178.30470134051882
