Desplacment,Force
0.00522741817755438,182.20747740120203
-0.005503986682900753,-183.03522042076392
