Desplacment,Force
0.0033381002769649203,175.20841890607025
-0.0035180524539546944,-175.86076231238695
