Desplacment,Force
0.001021887393081968,111.08333938513903
-0.0013642553163176127,-128.89806599407422
