Desplacment,Force
0.0026137068042026055,237.6518853073852
-0.002547659622591592,-226.17465204763707
