Desplacment,Force
0.0031055310040524345,267.19100588081517
-0.0032828576047626693,-276.1705291031845
