Desplacment,Force
0.004145394860209383,295.2194690851603
-0.004177356534780883,-296.8508221762904
