Desplacment,Force
0.001994482685740937,187.2432776672548
-0.0020841881001338993,-195.676619820283
