Desplacment,Force
0.004792669381203015,310.5224696790001
-0.004770553226049439,-309.2885656978268
