Desplacment,Force
0.0031105079755743815,258.47648759512083
-0.003095077870466957,-254.452019650641
