Desplacment,Force
0.005218964164129271,411.74658774387507
-0.005638827462246169,-409.58890205397404
