Desplacment,Force
0.006289037940176365,430.484942452284
-0.006191629212121475,-430.31509825906795
