Desplacment,Force
0.007675235039058197,454.62874432124113
-0.0078097298390055695,-455.13736551441673
