Desplacment,Force
0.004955133396856531,392.71706468807514
-0.005043415082869356,-391.51015056771973
