Desplacment,Force
0.004893175447409167,359.08584159733715
-0.0060763569887378405,-357.44025253045044
