Desplacment,Force
0.0034836215934656582,289.2316935964031
-0.003866049726740107,-284.9403317829008
