Desplacment,Force
0.005854207880344624,363.4565387916605
-0.005641682944884344,-362.7419247541471
