Desplacment,Force
0.0070706447062118365,375.9657495563407
-0.007351668597075708,-377.72065307969126
