Desplacment,Force
0.004555829940094729,338.0589890695724
-0.004734805444149148,-340.1004764442075
