Desplacment,Force
0.002654309576716377,220.66295714929615
-0.00493021978476204,-227.76472973781117
