Desplacment,Force
0.004352380120205389,228.03335961895257
-0.004198142222734023,-227.5093827725602
