Desplacment,Force
0.005275535843577452,232.59333158171717
-0.005509973820998961,-233.4478342887921
