Desplacment,Force
0.003386310505193656,219.78428735665912
-0.003531405996886629,-219.84842852592897
