Desplacment,Force
0.0010434236531572999,112.45430613031996
-0.0013789089090236436,-131.13913640876032
