Desplacment,Force
0.0025874720455279204,238.918338283664
-0.002518714711330791,-227.60930870264622
