Desplacment,Force
0.0030732559507545784,271.63326972527466
-0.003248243128331035,-280.6594570299159
