Desplacment,Force
0.00420327361349135,296.7955840315399
-0.004254993089355837,-298.6123622619185
