Desplacment,Force
0.0019736775028300806,187.37252810698564
-0.0020657852620079896,-195.9668637242599
