Desplacment,Force
0.004853713021908425,311.52614349003363
-0.004825912133998136,-310.35384108807574
