Desplacment,Force
0.003153790761148551,260.34642217162354
-0.003132661264989392,-256.34344574867896
