Desplacment,Force
0.005092926662261538,408.98039323623834
-0.005584404031741498,-408.5509580536534
