Desplacment,Force
0.006337810181470557,432.01270982696695
-0.006239423808276937,-431.73525044643884
