Desplacment,Force
0.007717354688705197,455.7076210638745
-0.007864690192188457,-456.315428297337
