Desplacment,Force
0.004986996961755694,394.1372533007498
-0.005080882284866786,-393.2795963211307
