Desplacment,Force
0.004361083692394295,351.8461408612295
-0.0056990639253237186,-351.1928116273987
