Desplacment,Force
0.0043664708371935965,187.64818679569862
-0.004765760362092804,-188.81418393319117
