Desplacment,Force
0.005697490278573963,322.399256619813
-0.005631789118116018,-321.5021540266115
