Desplacment,Force
0.007067806607222597,331.1797028709243
-0.007180738765961751,-331.6889557021751
