Desplacment,Force
0.00454422322176599,306.0278511104405
-0.0046120803061354436,-307.18118313620795
