Desplacment,Force
0.002797265791308445,314.80972019190824
-0.003953438498694797,-332.6830582374629
