Desplacment,Force
0.0039968128226247285,352.1112244142164
-0.004012833973662664,-346.9751996435636
