Desplacment,Force
0.00503191138196776,404.7456703362626
-0.005106404572009672,-407.8351411357754
