Desplacment,Force
0.00322814350514092,296.2727739089925
-0.003265026338494922,-300.9275692702914
