Desplacment,Force
0.0009772337441699564,120.72666694912805
-0.001707992519642838,-119.08306675486172
