Desplacment,Force
0.0025651667709493875,154.3313817676559
-0.0024602195024327382,-153.96365714018512
