Desplacment,Force
0.003055599797335021,158.59152605786193
-0.0032005027556818305,-159.28443647505537
