Desplacment,Force
0.004005026765367603,186.06219341607184
-0.0041256145925284236,-186.5703703214702
