Desplacment,Force
0.0019473005768424118,143.95709898953112
-0.0020348624787818403,-144.74703150153388
