Desplacment,Force
0.004791721928607545,189.0205389132725
-0.004689738688699256,-188.67135399944155
