Desplacment,Force
0.0031058411148149894,180.01736142146066
-0.0030358197389296513,-179.07463004641576
