Desplacment,Force
0.00630680104508258,216.70369794177975
-0.006788871084034422,-218.14403290727816
