Desplacment,Force
0.006159508419659132,216.2206262148423
-0.006151809366806497,-216.21564753381216
