Desplacment,Force
0.007802476130157639,221.21457687319125
-0.007828684180664777,-221.2930191469522
