Desplacment,Force
0.005020928127174685,212.50970397200425
-0.005036599031430678,-212.54034875414789
