Desplacment,Force
0.004156219497755014,310.69511217167326
-0.005087431033993286,-307.687463843255
