Story,Max Ductility
1,3.222592495915245
2,3.1057900386970605
3,3.668101742897226
4,5.700317989385414
5,1.588773699341575
