Desplacment,Force
0.00436401604973451,187.64051756214417
-0.004764351261394465,-188.80903885796283
