Desplacment,Force
0.005696502664802159,320.920485681229
-0.00563057790576243,-320.0423289662907
