Desplacment,Force
0.007067574032114129,329.55041611996694
-0.007180298633024477,-330.05218403007075
