Desplacment,Force
0.00454394861794991,304.8587139986973
-0.004611717500189412,-306.0029236018899
