Desplacment,Force
0.002797140858559069,314.9397646088584
-0.003961488962514664,-332.5953149098463
