Desplacment,Force
0.00399699816668288,351.58724518680015
-0.00401391971740927,-346.4847942616823
