Desplacment,Force
0.005033173421409529,403.84575941091157
-0.005107098315768005,-406.9057344776344
