Desplacment,Force
0.0032288947852354985,296.0336148319364
-0.0032653656919314996,-300.64882055819515
