Desplacment,Force
0.000979024628412186,120.88564277556407
-0.0017072501688807106,-119.28169783279839
