Desplacment,Force
0.0025641519831428984,154.68321612440096
-0.0024589833060420676,-154.31105271237448
