Desplacment,Force
0.003054377387266616,158.99360687735668
-0.0031994758144061114,-159.6935131652618
