Desplacment,Force
0.0040040569164336536,186.05797342429037
-0.004124957735293298,-186.5674152123796
