Desplacment,Force
0.0019464324468746377,144.18126357451314
-0.002034115825849572,-144.99837802730423
