Desplacment,Force
0.004790788477401837,189.01743912008322
-0.004688524011444887,-188.66723963185595
