Desplacment,Force
0.0031052448929234874,180.01108303852217
-0.003035036064617066,-179.06593405709913
