Desplacment,Force
0.006307954411842072,216.7072329815417
-0.006790048894015273,-218.1460070887838
