Desplacment,Force
0.0061582127165987184,216.2163355925762
-0.006150659378933474,-216.21212587699475
