Desplacment,Force
0.007801050175124328,221.21029437104576
-0.007827010871821062,-221.2879917757943
