Desplacment,Force
0.005020011582984251,212.50654856930984
-0.005035525770091115,-212.53650832505264
