Desplacment,Force
0.004166388004721206,309.5723892321218
-0.005104091762965524,-306.6985649976089
