Desplacment,Force
0.004366053751131983,187.27444049215822
-0.004766283315462154,-188.44346765392893
