Desplacment,Force
0.005696221542462104,320.9177267439754
-0.0056303555475273265,-320.0402564597529
