Desplacment,Force
0.007067277137316812,329.54907929475945
-0.007179856768226963,-330.05027293651875
