Desplacment,Force
0.004543752010062178,304.8549151095754
-0.004611437108002611,-305.9975520967841
