Desplacment,Force
0.0027986820074500304,315.0456945244056
-0.00396178040614811,-332.7302457203093
