Desplacment,Force
0.003996739941621632,351.69078840417524
-0.0040136331672598665,-346.5843546377777
