Desplacment,Force
0.005032921401192842,404.0397910808509
-0.005106774099001171,-407.1015339762825
