Desplacment,Force
0.003228723417315461,296.08308765967
-0.0032651662339635706,-300.70135023852185
