Desplacment,Force
0.0009791361493529946,120.79664698488226
-0.0017085359019068506,-119.12111633654216
