Desplacment,Force
0.002564703904917362,154.3261970315601
-0.0024593969300693024,-153.95398809766888
