Desplacment,Force
0.0030548252539354297,158.58705655739323
-0.0031999139179003356,-159.28140462471313
