Desplacment,Force
0.004003712105074799,185.69215675282456
-0.004124674581807262,-186.1994582002325
