Desplacment,Force
0.0019467217871888696,143.93790789359824
-0.0020344248113765783,-144.736467293434
