Desplacment,Force
0.004790738210666041,188.64229411174483
-0.004688353056464322,-188.29256485691758
