Desplacment,Force
0.003105180125827103,179.68983992761017
-0.003034898874590562,-178.75265311671075
