Desplacment,Force
0.006308065961880696,216.70757508053103
-0.0067897778870220455,-218.14527730429327
