Desplacment,Force
0.006158087831115657,216.21580263268558
-0.006150643744017525,-216.2120761932158
