Desplacment,Force
0.007801098370874818,221.21043906098905
-0.007826896698225769,-221.2876486201064
