Desplacment,Force
0.005020026128199471,212.506591510796
-0.005035440123801207,-212.53618816360267
