Desplacment,Force
0.004166154815570446,309.5658513826512
-0.005103520084137835,-306.68678629750457
