Story,Max Ductility
1,3.197831591674277
2,3.0866788886255163
3,3.6562831579698294
4,5.575982377138764
5,1.4101089367459316
