Desplacment,Force
0.00436469104647633,187.64259375744845
-0.004764950114576333,-188.81115999470146
