Desplacment,Force
0.005696827493476466,321.4074813379288
-0.005630965673810875,-320.5228756249006
