Desplacment,Force
0.007067584570088477,330.0863207264066
-0.007180383766082631,-330.59056940890576
