Desplacment,Force
0.004544003251785622,305.24343655881773
-0.004611805986169495,-306.39070592794684
