Desplacment,Force
0.0027973338482614857,314.9080597562133
-0.003959031586520616,-332.6263679456281
