Desplacment,Force
0.003996979830652909,351.75260537315665
-0.004013567189580615,-346.63702171543434
