Desplacment,Force
0.005032764778455105,404.1246833952143
-0.005106907302146697,-407.19581790850157
