Desplacment,Force
0.003228657977087494,296.1079799360861
-0.0032652861820276443,-300.7375546350815
