Desplacment,Force
0.000978756241194951,120.78906087832335
-0.0017086073126710607,-119.13438465696217
