Desplacment,Force
0.0025648759100836303,154.32816231136863
-0.0024596335163494304,-153.9570755379175
