Desplacment,Force
0.0030550651677814893,158.5886388332842
-0.0032001618713645426,-159.2827313048567
