Desplacment,Force
0.0040042265889826435,186.05875190109313
-0.0041251217855644,-186.5681524503235
