Desplacment,Force
0.0019469057188613399,143.9446832778759
-0.0020346025497446616,-144.74100306689397
