Desplacment,Force
0.004791019010649314,189.01820623341246
-0.004688767235213694,-188.66807455144007
