Desplacment,Force
0.0031053935658175236,180.01268702493914
-0.003035191974822911,-179.06779944350853
