Desplacment,Force
0.0063073865514035364,216.70550276468217
-0.006789379307824888,-218.14462702949655
