Desplacment,Force
0.00615855908058998,216.21747063526925
-0.0061509588425961775,-216.21304003950613
