Desplacment,Force
0.007801416838914175,221.21139542073934
-0.00782744818938908,-221.28930561129027
