Desplacment,Force
0.005020248702124153,212.5073524594727
-0.005035808268984051,-212.53751271101837
