Desplacment,Force
0.004162593390817137,309.93895235618567
-0.005098449773718688,-307.02058869440015
