Desplacment,Force
0.004864775838145085,314.10330810238344
-0.004924363434426513,-305.29260981877025
