Desplacment,Force
0.005369810099071452,181.60599825276805
-0.005166613681318507,-180.98890313630366
