Desplacment,Force
0.006888215676870781,186.18114794997206
-0.007048087289022518,-186.66095023917083
