Desplacment,Force
0.00437910033421893,178.47054125810314
-0.004495080861402024,-178.84878704995688
