Desplacment,Force
0.006602356214208566,185.4840097938156
-0.00865027853485001,-191.62563644835544
