Desplacment,Force
0.0037974540246472413,176.5785415772895
-0.003803354365507832,-176.1550309124653
