Desplacment,Force
0.005064963824834107,180.7952899210543
-0.005206658723420549,-181.26646737062495
