Desplacment,Force
0.003181350578526477,172.94709785501368
-0.0032780652257163416,-173.74299856131864
