Desplacment,Force
0.001452283784782129,146.71416523365454
-0.0016451717961998538,-154.6465100847729
