Desplacment,Force
0.0024792747692323623,225.74376373728072
-0.0023474797679392716,-214.81964743048803
