Desplacment,Force
0.002948643092067831,258.20069400251845
-0.0031396978341771934,-266.3823303031674
