Desplacment,Force
0.003796286326587506,285.4663208893583
-0.003842362012875578,-288.5063276970031
