Desplacment,Force
0.0018438749038570978,176.9871771939965
-0.001970168974829966,-186.2754779346935
