Desplacment,Force
0.004489836561962841,305.6921941560823
-0.004408183899518017,-302.45873397868087
