Desplacment,Force
0.0029050876020302544,249.03303825055931
-0.002854882314695218,-242.36886072560557
