Desplacment,Force
0.00715177766452672,223.83035395527355
-0.007221683658536381,-224.03908250033535
