Desplacment,Force
0.005869920104255637,219.90383782800126
-0.005862023546975974,-219.8908444307405
