Desplacment,Force
0.007523677654504543,224.96424913709603
-0.007489935224557844,-224.86171837659563
