Desplacment,Force
0.004824523632990185,216.2820042533455
-0.004811831382337048,-216.16502879908842
