Desplacment,Force
0.007667904407555932,188.52098876287872
-0.00882196977266895,-191.98283232033356
