Story,Max Ductility
1,3.2439168148101762
2,3.105833428428898
3,3.6700738804020747
4,5.70755749764697
5,1.5918336560085808
