Desplacment,Force
0.0033314005372819125,320.64985990221015
-0.003787963430007519,-324.6011940651018
