Desplacment,Force
0.005926723127686772,475.76030324278287
-0.005743507121502161,-468.38578665413473
