Desplacment,Force
0.0071324044675515836,526.3678816638858
-0.0074210703414345465,-527.4411020964183
