Desplacment,Force
0.004604091285478116,405.58977028608047
-0.004782757186696092,-415.0033938952692
