Desplacment,Force
0.002411642652759361,240.70743221465275
-0.004009162956332246,-259.4059238775746
