Desplacment,Force
0.004429204746431142,277.5747601682882
-0.004311529106107547,-278.1795675346172
