Desplacment,Force
0.005338400079061299,288.0613340262063
-0.0055769965735836405,-288.6107234031415
