Desplacment,Force
0.003440054600751291,259.7421608940158
-0.0035810296537957414,-259.3660026896861
