Desplacment,Force
0.0009315183338406127,111.21524010545977
-0.0014077528034999866,-120.57767946470578
