Desplacment,Force
0.002705492851252592,201.6458764344865
-0.002619517722268094,-198.6543652028268
