Desplacment,Force
0.0031787947799667465,213.1042438669898
-0.0033813241931181224,-213.91095949116664
