Desplacment,Force
0.004303446492264561,361.43187371149696
-0.004335175325013379,-367.2271278789115
