Desplacment,Force
0.002044194825691176,175.38562518365603
-0.0021559951386861203,-179.5294930693185
