Desplacment,Force
0.0049283767994845185,396.1790947930821
-0.004930151404813718,-391.7771348696464
