Desplacment,Force
0.003204817789021129,296.6459717442707
-0.003201853325918289,-291.38594022484955
