Desplacment,Force
0.004876300211693589,427.3694467360847
-0.005467497936547019,-432.7940576040396
