Desplacment,Force
0.0064482698462108275,476.1802888746382
-0.006324588045030998,-475.60932082999784
