Desplacment,Force
0.007797029040404376,512.596076618271
-0.007988167114623263,-513.2650907615719
