Desplacment,Force
0.005042451463435658,423.55396962244754
-0.005162448677387494,-423.3411710341354
