Desplacment,Force
0.00390946601747216,395.06428981094416
-0.004723860216182194,-399.64655956464003
