Desplacment,Force
0.0043638008848033,187.639800366038
-0.0047645484577452405,-188.80966091845985
