Desplacment,Force
0.005696496494539936,320.9203735845949
-0.005630556832897611,-320.0418726227673
