Desplacment,Force
0.007067472468846549,329.5499637047275
-0.0071802052998119065,-330.05178665530406
