Desplacment,Force
0.004543893145212765,304.8575022629086
-0.004611668416263022,-306.0017777429244
