Desplacment,Force
0.0027973586939676097,314.9552725836108
-0.003961851799269235,-332.5946938948203
