Desplacment,Force
0.003997065848790212,351.56951674420884
-0.004013936175490624,-346.4641538431948
