Desplacment,Force
0.005033192657130294,403.8077646662129
-0.0051071608489455505,-406.8697571842308
