Desplacment,Force
0.0032289164406235082,296.0234537677671
-0.0032654177945381935,-300.64034302569917
