Desplacment,Force
0.000979515783295162,120.81983533934302
-0.0017089018847454716,-119.15953473431583
