Desplacment,Force
0.00256473607767351,154.32660867884903
-0.002459410745801082,-153.95385453581522
