Desplacment,Force
0.0030548041417535646,158.58723617039237
-0.0031999982080223466,-159.28191200711737
