Desplacment,Force
0.004003830290873441,186.05704714058191
-0.004124877699609041,-186.5670526129155
