Desplacment,Force
0.0019467125093148917,143.9386147607448
-0.0020344770476942975,-144.73808671267753
