Desplacment,Force
0.0047906709549257,189.01705085886923
-0.0046882863184292516,-188.66645093326082
