Desplacment,Force
0.0031051719351884465,180.01036653930282
-0.0030348811337124306,-179.06441660324842
