Desplacment,Force
0.006307665558299099,216.70636349787733
-0.006789622068361883,-218.14489426081346
