Desplacment,Force
0.006158087295977745,216.21590371153917
-0.00615053534974618,-216.21174169647847
