Desplacment,Force
0.007800888314993775,221.20980806382897
-0.007826833124760327,-221.28745764718298
