Desplacment,Force
0.005019909805685835,212.50617954663053
-0.005035414784810743,-212.53610138892924
