Desplacment,Force
0.004165749199941267,309.56649016758223
-0.0051039205816827285,-306.6920668089908
