Desplacment,Force
0.0035185363891760066,334.0806819442101
-0.003864881253061935,-335.89290201828936
