Desplacment,Force
0.00588024497780831,323.8054459588226
-0.005714190463211037,-322.57882394389907
