Desplacment,Force
0.007141721605451667,331.3345867153251
-0.007383419748470116,-332.32318331515853
