Desplacment,Force
0.00460114322885734,308.698301189024
-0.004751729808713286,-309.549112945496
