Desplacment,Force
0.002466931567132555,281.30181498573603
-0.0037191663119019204,-318.5754598427825
