Desplacment,Force
0.0042480336281361065,366.45279214850814
-0.004153639084018062,-357.0744445851567
