Desplacment,Force
0.0051830090232617716,414.57858309984647
-0.00538733571624945,-418.9174472155036
