Desplacment,Force
0.0033319566364125204,304.8937629931407
-0.003452714403597359,-314.0432325584334
