Desplacment,Force
0.0009097192481740033,113.95871561385687
-0.0018093194156433058,-108.57337490484197
