Desplacment,Force
0.0026645326778187116,133.38514544737433
-0.002621751274827124,-132.9267110428319
