Desplacment,Force
0.003154799450141582,135.37681124357573
-0.003308088225632901,-136.04681949848552
