Desplacment,Force
0.004161413121632125,363.2576884913232
-0.0042313310876327245,-373.01768817190424
