Desplacment,Force
0.002031807811666714,128.6284660719414
-0.002109774975359665,-129.1062493275919
