Desplacment,Force
0.004809257072360375,405.8101011460031
-0.004762328242148036,-397.1808787285586
