Desplacment,Force
0.0031293458954741167,296.0025138782051
-0.003095670567846762,-287.9748341487215
