Desplacment,Force
0.0055161697788720975,340.5976384615051
-0.006054955228576117,-341.3443252214316
