Desplacment,Force
0.006308701502031479,345.37538485218323
-0.006239058626997258,-345.0338914043593
