Desplacment,Force
0.007775009047875969,353.98623629465067
-0.007893917877823982,-354.3856168553396
