Desplacment,Force
0.005021098926983721,329.98309348471366
-0.00509497535049721,-330.1307814468336
