Desplacment,Force
0.003993520670393685,308.3621904232686
-0.005158430637555008,-308.7189011043582
