Desplacment,Force
0.0034877732990325153,289.3428422233479
-0.0038666691168010667,-284.9775436140127
