Desplacment,Force
0.005853843267177052,363.61732964405127
-0.005640368168161509,-362.9055210372853
