Desplacment,Force
0.007069656715140387,376.1540234257151
-0.007351305612496169,-377.9160880162822
