Desplacment,Force
0.004555094612859995,338.16715801883686
-0.004734563538031569,-340.21639122858426
