Desplacment,Force
0.0026696562423467376,219.9900570997016
-0.004943243932988381,-227.0389254538695
