Desplacment,Force
0.00435226865718641,227.18728537571442
-0.0041960848574203015,-226.6527415865207
