Desplacment,Force
0.005274892500652313,231.69128054661203
-0.005510261807564691,-232.5442278144889
