Desplacment,Force
0.0033856573517031772,219.0635062930631
-0.003531528341143935,-219.13260018249747
