Desplacment,Force
0.001043324329123511,112.43725091725632
-0.0013786290395385507,-131.1147444826551
