Desplacment,Force
0.002587845741066865,238.9560112577085
-0.0025190856334110583,-227.64372151353345
