Desplacment,Force
0.0030736923942826793,271.6687534966772
-0.003248731238529639,-280.69887044265835
