Desplacment,Force
0.004202717167661381,296.7795240263792
-0.004253974683193509,-298.59025728274696
