Desplacment,Force
0.0019739587521211167,187.40027797500977
-0.0020660662077896796,-195.99178579719998
