Desplacment,Force
0.00485290504987287,311.5149408575842
-0.004825326473983283,-310.34380483690575
