Desplacment,Force
0.0031532182190711585,260.32161457543083
-0.003132271120009392,-256.3223779742801
