Desplacment,Force
0.005094427453752724,409.02119136760894
-0.005584146062539474,-408.55461181858976
