Desplacment,Force
0.006337217494574286,431.9991187505321
-0.006238739147285241,-431.72182876481867
