Desplacment,Force
0.007716711968399715,455.7005395260387
-0.007863923684307465,-456.30742562917317
