Desplacment,Force
0.0049865203517254104,394.1207305824188
-0.005080380807293041,-393.2600255733447
