Desplacment,Force
0.004367803926529636,352.1066236969228
-0.005703446328306284,-351.43948668324316
