Desplacment,Force
0.0034862184388877145,288.9498151036898
-0.00386815807018333,-284.6714544467886
