Desplacment,Force
0.005853726707447896,363.4498343200069
-0.005641328981064331,-362.7321421685187
