Desplacment,Force
0.007070335174208133,375.9634806571088
-0.007351097713808675,-377.717236355939
