Desplacment,Force
0.004555593256855044,338.04074229142657
-0.0047344135620210216,-340.09010149489615
