Desplacment,Force
0.0026570894669817545,220.68844591476204
-0.004930364002602435,-227.76627080592976
