Desplacment,Force
0.004351402332798255,228.02739675029113
-0.004197249246404773,-227.5031032686542
