Desplacment,Force
0.005274763062178211,232.59000201603286
-0.005508974186610168,-233.44428561337207
