Desplacment,Force
0.00338576464247709,219.77252569750297
-0.0035307368157717007,-219.8396531487134
