Desplacment,Force
0.001043309893009191,112.44576257364484
-0.0013788334085337952,-131.13028274766958
