Desplacment,Force
0.002587116752319427,238.88054321321408
-0.0025185255314123926,-227.58385624165652
