Desplacment,Force
0.0030730196827790214,271.6001953309961
-0.0032478254493324595,-280.61467256161257
