Desplacment,Force
0.0042029262495368765,296.3920196915562
-0.004254622377463748,-298.1905785628208
