Desplacment,Force
0.0019735261784398425,187.35346154674588
-0.002065504142334393,-195.93967880270455
