Desplacment,Force
0.004853585585574491,311.027138448212
-0.004825697871700397,-309.8664941135505
