Desplacment,Force
0.0031536750439479077,260.1019536401117
-0.0031325019642729265,-256.1185756911088
