Desplacment,Force
0.005095069488662775,408.62328943240595
-0.005586222857763444,-408.17887840891734
