Desplacment,Force
0.0063374672862527345,431.4685266235866
-0.00623926481565782,-431.18994619038773
