Desplacment,Force
0.007717513581176876,455.0166179008068
-0.007864547683391825,-455.62227259213506
