Desplacment,Force
0.004987050155295981,393.7700270724012
-0.005080751931089158,-392.9164077737261
