Desplacment,Force
0.004361731900017515,351.85937031746374
-0.005698455994048104,-351.18186187237797
