Desplacment,Force
0.004174414718892788,187.29276041915892
-0.004592901457640268,-188.4825635768272
