Desplacment,Force
0.005747496245838228,322.75066808415374
-0.005622337184230681,-321.3583148684425
