Desplacment,Force
0.007041202509644842,330.83397801002286
-0.007226236644942134,-331.6783400363801
