Desplacment,Force
0.004532886505273315,306.25659869016926
-0.0046467961430831485,-307.7400737495474
