Desplacment,Force
0.0026093414793631046,300.3994441000413
-0.0038272553021056173,-325.0097873656381
