Desplacment,Force
0.004102595049199524,358.544174336545
-0.004079711486988035,-351.7453418491517
