Desplacment,Force
0.005108636987356124,408.7725112320279
-0.005230903937907506,-413.0595195266329
