Desplacment,Force
0.0032810656143713664,300.60519161070823
-0.003347666937002573,-306.93135971524885
