Desplacment,Force
0.0007898751662975048,109.79114233859661
-0.0015610843564588665,-108.9069927110657
