Desplacment,Force
0.0025917823799799164,154.96071252541944
-0.0025480368678108783,-154.39150888769277
