Desplacment,Force
0.0030734353751261266,158.7533000849628
-0.0032258474341438797,-159.43970979001776
