Desplacment,Force
0.004096292758334928,186.79448782172923
-0.0041862395355315276,-187.15359809256054
