Desplacment,Force
0.0019776653434457206,144.59312650868532
-0.0020535658696221874,-145.7864036881784
