Desplacment,Force
0.0048531034170960505,189.56548454955066
-0.004786467257401899,-189.31362797471027
