Desplacment,Force
0.003145442722583392,180.70624239223218
-0.0030983913886690794,-180.02444703984924
