Desplacment,Force
0.005550071389625763,339.9705104566899
-0.006099235428096057,-341.0833519035896
