Desplacment,Force
0.00629344354344677,344.7684191985387
-0.0062604279751568865,-344.73137862890485
