Desplacment,Force
0.007819316892106408,353.57981220509663
-0.007894676179330845,-353.82776403906945
