Desplacment,Force
0.0050437982293318005,330.01323354755505
-0.005088669473060669,-329.6242635095171
