Desplacment,Force
0.004099182156176937,309.86073431242573
-0.005153799942169503,-308.57892778247617
